Code,Quantity,SalePrice,UnitCost,Batch,Expiry,Vat,Variant,SN
6.28803E+12,1,57,42,EPXIEJ,9/1/2025,1,,82483
6.28803E+12,1,57,42,OOLEHV,9/2/2025,1,,82452
6.28803E+12,1,57,42,ENOFJR,9/3/2025,1,,24343
6.28803E+12,1,57,42,ODHHM7,9/4/2025,1,,927
6.28803E+12,1,57,42,8OYS1Q,9/5/2025,1,,91942
6.28803E+12,1,57,42,EFBQNB,9/6/2025,1,,43083
6.28803E+12,1,57,42,EDLKFE,9/7/2025,1,,51388
6.28803E+12,1,57,42,E8EIXD,9/8/2025,1,,70545
6.28803E+12,1,57,42,8ZM3JN,9/9/2025,1,,30102
6.28803E+12,1,57,42,8NR49Y,9/10/2025,1,,27743
6.28803E+12,1,57,42,8D7V8J,9/11/2025,1,,90179
6.28803E+12,1,57,42,88GUG4,9/12/2025,1,,39821
6.28803E+12,1,57,42,YECDBI,9/13/2025,1,,82759
6.28803E+12,1,57,42,OZNDJH,9/14/2025,1,,22980
6.28803E+12,1,57,42,EDG6HG,9/15/2025,1,,91696
6.28803E+12,1,57,42,EYYD8B,9/16/2025,1,,41577
6.28803E+12,1,57,42,EE1WD5,9/17/2025,1,,63796
6.28803E+12,1,57,42,Y63TBA,9/18/2025,1,,89463
6.28803E+12,1,57,42,EY47BS,9/19/2025,1,,12654
6.28803E+12,1,57,42,YN3RI8,9/20/2025,1,,25451
6.28803E+12,1,57,42,YYJF0C,9/21/2025,1,,63859
6.28803E+12,1,57,42,8NQCFI,9/22/2025,1,,79015
6.28803E+12,1,57,42,YNCIKH,9/23/2025,1,,53158
6.28803E+12,1,57,42,YESQK0,9/24/2025,1,,87475
6.28803E+12,1,57,42,EPNDHG,9/25/2025,1,,24073
6.28803E+12,1,57,42,ENB9I7,9/26/2025,1,,30837
6.28803E+12,1,57,42,YYUE08,9/27/2025,1,,62895
6.28803E+12,1,57,42,E8I9VL,9/28/2025,1,,71225
6.28803E+12,1,57,42,Y9O706,9/29/2025,1,,26953
6.28803E+12,1,57,42,Y87BQZ,9/30/2025,1,,61830
6.28803E+12,1,57,42,EECGBB,10/1/2025,1,,38949
6.28803E+12,1,57,42,YDGVMI,10/2/2025,1,,80677
6.28803E+12,1,57,42,OXWVUA,10/3/2025,1,,99359
6.28803E+12,1,57,42,OEAJVS,10/4/2025,1,,92881
6.28803E+12,1,57,42,8E78AU,10/5/2025,1,,77192
6.28803E+12,1,57,42,EZBGFJ,10/6/2025,1,,13434
6.28803E+12,1,57,42,O7N113,10/7/2025,1,,75882
6.28803E+12,1,57,42,EW3QCG,10/8/2025,1,,23660
6.28803E+12,1,57,42,EDECFY,10/9/2025,1,,59918
6.28803E+12,1,57,42,OXIWDL,10/10/2025,1,,62853
6.28803E+12,1,57,42,EZ8CLG,10/11/2025,1,,9936
6.28803E+12,1,57,42,EPPP35,10/12/2025,1,,24529
6.28803E+12,1,57,42,EXIHPP,10/13/2025,1,,10379
6.28803E+12,1,57,42,OEX8OT,10/14/2025,1,,44277
6.28803E+12,1,57,42,ODNI1I,10/15/2025,1,,59459
6.28803E+12,1,57,42,OEQWO1,10/16/2025,1,,19035
6.28803E+12,1,57,42,OENHDH,10/17/2025,1,,77153
6.28803E+12,1,57,42,OXJEHQ,10/18/2025,1,,58423
6.28803E+12,1,57,42,O7NAGH,10/19/2025,1,,98065
6.28803E+12,1,57,42,EZUGWQ,10/20/2025,1,,78789
6.28803E+12,1,57,42,OEVBHN,10/21/2025,1,,58698
6.28803E+12,1,57,42,EZBYHI,10/22/2025,1,,7886
6.28803E+12,1,57,42,EXH0OI,10/23/2025,1,,34500
6.28803E+12,1,57,42,EPE7JO,10/24/2025,1,,77528
6.28803E+12,1,57,42,OYJJJ8,10/25/2025,1,,46831
6.28803E+12,1,57,42,YDOOOE,10/26/2025,1,,98923
6.28803E+12,1,57,42,OZU9YX,10/27/2025,1,,88137
6.28803E+12,1,57,42,YNHARF,10/28/2025,1,,90208
6.28803E+12,1,57,42,YO7PIF,10/29/2025,1,,34399
6.28803E+12,1,57,42,870I3A,10/30/2025,1,,64610
6.28803E+12,1,57,42,YOFTAC,10/31/2025,1,,8006
6.28803E+12,1,57,42,8EBGAJ,11/1/2025,1,,70726
6.28803E+12,1,57,42,YPFYML,11/2/2025,1,,46073
6.28803E+12,1,57,42,8E3I5G,11/3/2025,1,,59650
6.28803E+12,1,57,42,YOKCUH,11/4/2025,1,,58369
6.28803E+12,1,57,42,YXDLJE,11/5/2025,1,,42271
6.28803E+12,1,57,42,Y9D9HV,11/6/2025,1,,72157
6.28803E+12,1,57,42,Y8C6LM,11/7/2025,1,,28103
6.28803E+12,1,57,42,EOUICD,11/8/2025,1,,77780
6.28803E+12,1,57,42,EEUB3J,11/9/2025,1,,3820
6.28803E+12,1,57,42,EOKMIB,11/10/2025,1,,74436
6.28803E+12,1,57,42,ENEBFG,11/11/2025,1,,64846
6.28803E+12,1,57,42,EELAFQ,11/12/2025,1,,94731
6.28803E+12,1,57,42,EEKW2F,11/13/2025,1,,82320
6.28803E+12,1,57,42,EEAJA9,11/14/2025,1,,12035
6.28803E+12,1,57,42,EDJFVI,11/15/2025,1,,16062
6.28803E+12,1,57,42,EDKDAJ,11/16/2025,1,,63124
6.28803E+12,1,57,42,EDH53G,11/17/2025,1,,45192
6.28803E+12,1,57,42,EFEX8J,11/18/2025,1,,39352
6.28803E+12,1,57,42,EDFPPP,11/19/2025,1,,78327
6.28803E+12,1,57,42,ED8VAZ,11/20/2025,1,,45027
6.28803E+12,1,57,42,E8RG6C,11/21/2025,1,,27238
6.28803E+12,1,57,42,YFZ7XI,11/22/2025,1,,32914
6.28803E+12,1,57,42,8OGAFF,11/23/2025,1,,46471
6.28803E+12,1,57,42,Y7BMEI,11/24/2025,1,,28302
6.28803E+12,1,57,42,EEEDKL,11/25/2025,1,,94403
6.28803E+12,1,57,42,EOQE2H,11/26/2025,1,,21308
6.28803E+12,1,57,42,EYAW15,11/27/2025,1,,939
6.28803E+12,1,57,42,ENTITH,11/28/2025,1,,15327
6.28803E+12,1,57,42,EYWGCB,11/29/2025,1,,15268
6.28803E+12,1,57,42,YZD8I3,11/30/2025,1,,59086
6.28803E+12,1,57,42,OMJQGT,12/1/2025,1,,98777
6.28803E+12,1,57,42,YDJ8M6,12/2/2025,1,,76141
6.28803E+12,1,57,42,YNEAHG,12/3/2025,1,,46666
6.28803E+12,1,57,42,YEPGSF,12/4/2025,1,,22546
6.28803E+12,1,57,42,EFFI2V,12/5/2025,1,,27625
6.28803E+12,1,57,42,8DNJCG,12/6/2025,1,,64120
6.28803E+12,1,57,42,EPGNEJ,12/7/2025,1,,32425
6.28803E+12,1,57,42,E8FF6W,12/8/2025,1,,4567
6.28803E+12,1,57,42,OYOY7R,12/9/2025,1,,98303
6.28803E+12,1,57,42,EEGMRF,12/10/2025,1,,70362
6.28803E+12,1,57,42,EDJE16,12/11/2025,1,,37661
6.28803E+12,1,57,42,E78DDN,12/12/2025,1,,52657
6.28803E+12,1,57,42,8NKCWC,12/13/2025,1,,48553
6.28803E+12,1,57,42,OEGIUL,12/14/2025,1,,91229
6.28803E+12,1,57,42,ODGHXI,12/15/2025,1,,37384
6.28803E+12,1,57,42,EZEFDY,12/16/2025,1,,43340
6.28803E+12,1,57,42,EDFFBG,12/17/2025,1,,29905
6.28803E+12,1,57,42,Y72HTZ,12/18/2025,1,,70456
6.28803E+12,1,57,42,871BH0,12/19/2025,1,,82122
6.28803E+12,1,57,42,OEHBAX,12/20/2025,1,,25527
6.28803E+12,1,57,42,8X4DVT,12/21/2025,1,,17726
6.28803E+12,1,57,42,YE7CRU,12/22/2025,1,,29591
6.28803E+12,1,57,42,8ZENIB,12/23/2025,1,,34423
6.28803E+12,1,57,42,8EFSNH,12/24/2025,1,,2553
6.28803E+12,1,57,42,EF84GN,12/25/2025,1,,67289
6.28803E+12,1,57,42,EX3NE5,12/26/2025,1,,33721
6.28803E+12,1,57,42,EDOP15,12/27/2025,1,,6645
6.28803E+12,1,57,42,YO7MHH,12/28/2025,1,,2964
6.28803E+12,1,57,42,8ZU3G7,12/29/2025,1,,3855
6.28803E+12,1,57,42,O7TTFH,12/30/2025,1,,84079
6.28803E+12,1,57,42,8EGZY3,12/31/2025,1,,16692
6.28803E+12,1,57,42,EEPD7C,1/1/2026,1,,23501
6.28803E+12,1,57,42,8EDADH,1/2/2026,1,,48837
6.28803E+12,1,57,42,88AN5B,1/3/2026,1,,56868
6.28803E+12,1,57,42,87WEAU,1/4/2026,1,,8915
6.28803E+12,1,57,42,8E606X,1/5/2026,1,,22017
6.28803E+12,1,57,42,E8LJSU,1/6/2026,1,,71065
6.28803E+12,1,57,42,ODRCCY,1/7/2026,1,,13671
6.28803E+12,1,57,42,E7KFRV,1/8/2026,1,,98315
6.28803E+12,1,57,42,YDHGMP,1/9/2026,1,,50822
6.28803E+12,1,57,42,E8HC0B,1/10/2026,1,,47820
6.28803E+12,1,57,42,O8NSGQ,1/11/2026,1,,58082
6.28803E+12,1,57,42,EXT5CJ,1/12/2026,1,,36707
7.63004E+12,1,57,42,2E4A2,1/13/2026,1,,26771
7.63004E+12,1,57,42,2E4A2,1/14/2026,1,,18099
7.63004E+12,1,57,42,2E4A2,1/15/2026,1,,28999
7.63004E+12,1,57,42,2E4A2,1/16/2026,1,,14005
7.63004E+12,1,57,42,2E4A2,1/17/2026,1,,80115
7.63004E+12,1,57,42,2E4A2,1/18/2026,1,,46576
7.63004E+12,1,57,42,2E4A2,1/19/2026,1,,84303
7.63004E+12,1,57,42,2E4A2,1/20/2026,1,,38334
7.63004E+12,1,57,42,2E4A2,1/21/2026,1,,53518
7.63004E+12,1,57,42,2E4A2,1/22/2026,1,,51619
7.63004E+12,1,57,42,2E4A2,1/23/2026,1,,17235
7.63004E+12,1,57,42,2E4A2,1/24/2026,1,,47933
7.63004E+12,1,57,42,2E4A2,1/25/2026,1,,77118
7.63004E+12,1,57,42,2E4A2,1/26/2026,1,,3539
7.63004E+12,1,57,42,2E4A2,1/27/2026,1,,93119
7.63004E+12,1,57,42,2E4A2,1/28/2026,1,,57242
7.63004E+12,1,57,42,2E4A2,1/29/2026,1,,5530
7.63004E+12,1,57,42,2E4A2,1/30/2026,1,,12444
7.63004E+12,1,57,42,2E4A2,1/31/2026,1,,6941
7.63004E+12,1,57,42,2E4A2,2/1/2026,1,,35325
7.63004E+12,1,57,42,2E4A2,2/2/2026,1,,52497
7.63004E+12,1,57,42,2E4A2,2/3/2026,1,,45646
7.63004E+12,1,57,42,2E4A2,2/4/2026,1,,70290
7.63004E+12,1,57,42,2E4A2,2/5/2026,1,,23081
7.63004E+12,1,57,42,2E4A2,2/6/2026,1,,88592
7.63004E+12,1,57,42,2E4A2,2/7/2026,1,,81308
7.63004E+12,1,57,42,2E4A2,2/8/2026,1,,30650
7.63004E+12,1,57,42,2E4A2,2/9/2026,1,,25694
7.63004E+12,1,57,42,2E4A2,2/10/2026,1,,31706
7.63004E+12,1,57,42,2E4A2,2/11/2026,1,,87732
7.63004E+12,1,57,42,2E4A2,2/12/2026,1,,8943
7.63004E+12,1,57,42,2E4A2,2/13/2026,1,,61099
7.63004E+12,1,57,42,2E4A2,2/14/2026,1,,3
7.63004E+12,1,57,42,2E4A2,2/15/2026,1,,70213
7.63004E+12,1,57,42,2E4A2,2/16/2026,1,,61848
7.63004E+12,1,57,42,2E4A2,2/17/2026,1,,3327
7.63004E+12,1,57,42,2E4A2,2/18/2026,1,,69021
7.63004E+12,1,57,42,2E4A2,2/19/2026,1,,69198
7.63004E+12,1,57,42,2E4A2,2/20/2026,1,,58396
7.63004E+12,1,57,42,2E4A2,2/21/2026,1,,89302
5.41506E+12,1,57,42,33911,2/22/2026,1,,76344
5.41506E+12,1,57,42,176470,2/23/2026,1,,67156
5.41506E+12,1,57,42,89339,2/24/2026,1,,43380
5.41506E+12,1,57,42,253484,2/25/2026,1,,39477
5.41506E+12,1,57,42,671846,2/26/2026,1,,62012
5.41506E+12,1,57,42,423658,2/27/2026,1,,22786
5.41506E+12,1,57,42,383331,2/28/2026,1,,34464
5.41506E+12,1,57,42,57602,3/1/2026,1,,41800
5.41506E+12,1,57,42,952664,3/2/2026,1,,82963
5.41506E+12,1,57,42,918628,3/3/2026,1,,46223
5.41506E+12,1,57,42,894654,3/4/2026,1,,50050
5.41506E+12,1,57,42,649908,3/5/2026,1,,49285
5.41506E+12,1,57,42,930677,3/6/2026,1,,45296
5.41506E+12,1,57,42,274034,3/7/2026,1,,65174
5.41506E+12,1,57,42,983658,3/8/2026,1,,13539
5.41506E+12,1,57,42,474662,3/9/2026,1,,86282
5.41506E+12,1,57,42,323860,3/10/2026,1,,7609
5.41506E+12,1,57,42,310229,3/11/2026,1,,2795
5.41506E+12,1,57,42,507120,3/12/2026,1,,69127
5.41506E+12,1,57,42,418813,3/13/2026,1,,68643
5.41506E+12,1,57,42,756504,3/14/2026,1,,8873
5.41506E+12,1,57,42,512158,3/15/2026,1,,15460
5.41506E+12,1,57,42,966504,3/16/2026,1,,58898
5.41506E+12,1,57,42,701156,3/17/2026,1,,14021
6.2851E+12,1,5.8,4.8,V94W2,3/18/2026,1,,86997
6.2851E+12,1,5.8,4.8,V94W2,3/19/2026,1,,4276
6.2851E+12,1,5.8,4.8,V94W2,3/20/2026,1,,58506
6.2851E+12,1,5.8,4.8,V94W2,3/21/2026,1,,36871
6.2851E+12,1,5.8,4.8,V94W2,3/22/2026,1,,58474
6.2851E+12,1,5.8,4.8,V94W2,3/23/2026,1,,89572
6.2851E+12,1,5.8,4.8,V94W2,3/24/2026,1,,91739
6.2851E+12,1,5.8,4.8,V94W2,3/25/2026,1,,25722
6.2851E+12,1,5.8,4.8,V94W2,3/26/2026,1,,54063
6.2851E+12,1,5.8,4.8,V94W2,3/27/2026,1,,66038
6.2851E+12,1,5.8,4.8,V94W2,3/28/2026,1,,17108
6.2851E+12,1,57,42,SM2B2,3/29/2026,1,,87705
6.2851E+12,1,5.8,4.8,V94W2,3/30/2026,1,,48390
6.2851E+12,1,5.8,4.8,V94W2,3/31/2026,1,,24679
6.2851E+12,1,5.8,4.8,V94W2,4/1/2026,1,,85214
6.2851E+12,1,5.8,4.8,V94W2,4/2/2026,1,,46795
6.2851E+12,1,5.8,4.8,V94W2,4/3/2026,1,,47034
6.2851E+12,1,5.8,4.8,V94W2,4/4/2026,1,,67254
6.2851E+12,1,5.8,4.8,V94W2,4/5/2026,1,,97383
6.2851E+12,1,5.8,4.8,V94W2,4/6/2026,1,,7794
6.2851E+12,1,5.8,4.8,V94W2,4/7/2026,1,,5397
6.2851E+12,1,5.8,4.8,V94W2,4/8/2026,1,,31275
6.2851E+12,1,5.8,4.8,V94W2,4/9/2026,1,,38376
6.2851E+12,1,5.8,4.8,V94W2,4/10/2026,1,,77919
6.2851E+12,1,5.8,4.8,V94W2,4/11/2026,1,,38800
6.2851E+12,1,5.8,4.8,V94W2,4/12/2026,1,,41175
6.2851E+12,1,5.8,4.8,V94W2,4/13/2026,1,,11759
6.2851E+12,1,5.8,4.8,V94W2,4/14/2026,1,,47501
6.2851E+12,1,5.8,4.8,V94W2,4/15/2026,1,,31278
6.2851E+12,1,5.8,4.8,V94W2,4/16/2026,1,,50350
6.2851E+12,1,5.8,4.8,V94W2,4/17/2026,1,,81852
6.2851E+12,1,5.8,4.8,V94W2,4/18/2026,1,,84423
6.2851E+12,1,5.8,4.8,V94W2,4/19/2026,1,,3247
6.2851E+12,1,5.8,4.8,V94W2,4/20/2026,1,,26080
6.2851E+12,1,5.8,4.8,V94W2,4/21/2026,1,,17619
6.2851E+12,1,5.8,4.8,V94W2,4/22/2026,1,,24201
6.2851E+12,1,5.8,4.8,V94W2,4/23/2026,1,,94083
6.2851E+12,1,5.8,4.8,V94W2,4/24/2026,1,,8726
6.2851E+12,1,5.8,4.8,V94W2,4/25/2026,1,,58513
6.2851E+12,1,5.8,4.8,V94W2,4/26/2026,1,,1917
6.2851E+12,1,5.8,4.8,V94W2,4/27/2026,1,,88306
6.2851E+12,1,5.8,4.8,V94W2,4/28/2026,1,,69142
6.2851E+12,1,5.8,4.8,V94W2,4/29/2026,1,,1130
6.2851E+12,1,5.8,4.8,V94W2,4/30/2026,1,,36972
6.2851E+12,1,5.8,4.8,V94W2,5/1/2026,1,,16398
6.2851E+12,1,5.8,4.8,V94W2,5/2/2026,1,,88244
6.2851E+12,1,5.8,4.8,V94W2,5/3/2026,1,,3160
6.2851E+12,1,5.8,4.8,V94W2,5/4/2026,1,,86344
6.2851E+12,1,5.8,4.8,V94W2,5/5/2026,1,,47452
6.2851E+12,1,5.8,4.8,V94W2,5/6/2026,1,,9293
6.2851E+12,1,5.8,4.8,V94W2,5/7/2026,1,,3254
6.2851E+12,1,5.8,4.8,V94W2,5/8/2026,1,,84880
6.2851E+12,1,5.8,4.8,V94W2,5/9/2026,1,,90167
6.2851E+12,1,5.8,4.8,V94W2,5/10/2026,1,,63685
6.2851E+12,1,5.8,4.8,V94W2,5/11/2026,1,,91320
6.2851E+12,1,5.8,4.8,V94W2,5/12/2026,1,,42700
6.2851E+12,1,5.8,4.8,V94W2,5/13/2026,1,,19997
6.2851E+12,1,5.8,4.8,V94W2,5/14/2026,1,,15183
6.2851E+12,1,5.8,4.8,V94W2,5/15/2026,1,,18873
6.2851E+12,1,5.8,4.8,V94W2,5/16/2026,1,,87002
6.2851E+12,1,5.8,4.8,V94W2,5/17/2026,1,,47104
6.2851E+12,1,5.8,4.8,V94W2,5/18/2026,1,,54383
6.2851E+12,1,5.8,4.8,V94W2,5/19/2026,1,,63289
6.2851E+12,1,5.8,4.8,V94W2,5/20/2026,1,,83384
6.2851E+12,1,5.8,4.8,V94W2,5/21/2026,1,,62530
6.2851E+12,1,5.8,4.8,V94W2,5/22/2026,1,,82684
6.2851E+12,1,5.8,4.8,V94W2,5/23/2026,1,,10600
6.2851E+12,1,5.8,4.8,V94W2,5/24/2026,1,,20795
6.2851E+12,1,5.8,4.8,V94W2,5/25/2026,1,,34084
6.2851E+12,1,5.8,4.8,V94W2,5/26/2026,1,,16960
6.2851E+12,1,5.8,4.8,V94W2,5/27/2026,1,,92180
6.2851E+12,1,5.8,4.8,V94W2,5/28/2026,1,,81233
6.2851E+12,1,5.8,4.8,V94W2,5/29/2026,1,,57343
6.2851E+12,1,5.8,4.8,V94W2,5/30/2026,1,,88195
6.2851E+12,1,5.8,4.8,V94W2,5/31/2026,1,,95330
6.2851E+12,1,5.8,4.8,V94W2,6/1/2026,1,,68054
6.2851E+12,1,5.8,4.8,V94W2,6/2/2026,1,,48842
6.2851E+12,1,5.8,4.8,V94W2,6/3/2026,1,,31925
6.2851E+12,1,5.8,4.8,V94W2,6/4/2026,1,,37775
6.2851E+12,1,5.8,4.8,V94W2,6/5/2026,1,,24009
6.2851E+12,1,5.8,4.8,V94W2,6/6/2026,1,,42312
6.2851E+12,1,5.8,4.8,V94W2,6/7/2026,1,,79382
6.2851E+12,1,5.8,4.8,V94W2,6/8/2026,1,,49863
6.2851E+12,1,5.8,4.8,V94W2,6/9/2026,1,,4463
6.2851E+12,1,5.8,4.8,V94W2,6/10/2026,1,,47857
6.2851E+12,1,5.8,4.8,V94W2,6/11/2026,1,,89807
6.2851E+12,1,5.8,4.8,V94W2,6/12/2026,1,,13314
6.2851E+12,1,5.8,4.8,V94W2,6/13/2026,1,,57297
6.2851E+12,1,5.8,4.8,V94W2,6/14/2026,1,,58505
6.2851E+12,1,5.8,4.8,V94W2,6/15/2026,1,,67730
6.2851E+12,1,5.8,4.8,V94W2,6/16/2026,1,,37575
6.2851E+12,1,5.8,4.8,V94W2,6/17/2026,1,,34802
6.2851E+12,1,5.8,4.8,V94W2,6/18/2026,1,,83261
6.2851E+12,1,5.8,4.8,V94W2,6/19/2026,1,,47860
6.2851E+12,1,5.8,4.8,V94W2,6/20/2026,1,,63519
6.2851E+12,1,5.8,4.8,V94W2,6/21/2026,1,,88321
6.2851E+12,1,5.8,4.8,V94W2,6/22/2026,1,,23729
6.2851E+12,1,5.8,4.8,V94W2,6/23/2026,1,,51393
6.2851E+12,1,5.8,4.8,V94W2,6/24/2026,1,,40346
6.2851E+12,1,5.8,4.8,V94W2,6/25/2026,1,,91153
6.2851E+12,1,5.8,4.8,V94W2,6/26/2026,1,,40417
6.2851E+12,1,5.8,4.8,V94W2,6/27/2026,1,,24543
6.2851E+12,1,5.8,4.8,V94W2,6/28/2026,1,,60372
6.2851E+12,1,5.8,4.8,V94W2,6/29/2026,1,,60022
6.2851E+12,1,5.8,4.8,V94W2,6/30/2026,1,,42641
6.2851E+12,1,5.8,4.8,V94W2,7/1/2026,1,,73695
6.2851E+12,1,5.8,4.8,V94W2,7/2/2026,1,,7303
6.2851E+12,1,5.8,4.8,V94W2,7/3/2026,1,,93256
6.2851E+12,1,5.8,4.8,V94W2,7/4/2026,1,,13720
6.2851E+12,1,5.8,4.8,V94W2,7/5/2026,1,,53976
6.2851E+12,1,5.8,4.8,V94W2,7/6/2026,1,,86311
6.2851E+12,1,5.8,4.8,V94W2,7/7/2026,1,,34792
6.2851E+12,1,5.8,4.8,V94W2,7/8/2026,1,,12435
6.2851E+12,1,5.8,4.8,V94W2,7/9/2026,1,,66858
6.2851E+12,1,5.8,4.8,V94W2,7/10/2026,1,,45108
6.2851E+12,1,5.8,4.8,V94W2,7/11/2026,1,,34100
6.2851E+12,1,5.8,4.8,V94W2,7/12/2026,1,,73955
6.2851E+12,1,5.8,4.8,V94W2,7/13/2026,1,,79828
6.2851E+12,1,5.8,4.8,V94W2,7/14/2026,1,,93787
6.2851E+12,1,5.8,4.8,V94W2,7/15/2026,1,,56443
6.2851E+12,1,5.8,4.8,V94W2,7/16/2026,1,,93227
6.2851E+12,1,5.8,4.8,V94W2,7/17/2026,1,,55523
6.2851E+12,1,5.8,4.8,V94W2,7/18/2026,1,,74443
6.2851E+12,1,5.8,4.8,V94W2,7/19/2026,1,,28105
6.2851E+12,1,5.8,4.8,V94W2,7/20/2026,1,,86732
6.2851E+12,1,5.8,4.8,V94W2,7/21/2026,1,,70919
6.2851E+12,1,5.8,4.8,V94W2,7/22/2026,1,,46190
6.2851E+12,1,5.8,4.8,V94W2,7/23/2026,1,,55714
6.2851E+12,1,5.8,4.8,V94W2,7/24/2026,1,,8152
6.2851E+12,1,5.8,4.8,V94W2,7/25/2026,1,,85614
6.2851E+12,1,5.8,4.8,V94W2,7/26/2026,1,,65155
6.2851E+12,1,5.8,4.8,V94W2,7/27/2026,1,,25903
6.2851E+12,1,5.8,4.8,V94W2,7/28/2026,1,,95637
6.2851E+12,1,5.8,4.8,V94W2,7/29/2026,1,,35647
6.2851E+12,1,5.8,4.8,V94W2,7/30/2026,1,,20224
6.2851E+12,1,5.8,4.8,V94W2,7/31/2026,1,,37968
6.2851E+12,1,5.8,4.8,V94W2,8/1/2026,1,,80798
6.2851E+12,1,5.8,4.8,V94W2,8/2/2026,1,,54075
6.2851E+12,1,5.8,4.8,V94W2,8/3/2026,1,,41386
6.2851E+12,1,5.8,4.8,V94W2,8/4/2026,1,,14601
6.2851E+12,1,5.8,4.8,V94W2,8/5/2026,1,,11959
6.2851E+12,1,5.8,4.8,V94W2,8/6/2026,1,,59072
6.2851E+12,1,5.8,4.8,V94W2,8/7/2026,1,,33140
6.2851E+12,1,5.8,4.8,V94W2,8/8/2026,1,,64105
6.2851E+12,1,5.8,4.8,V94W2,8/9/2026,1,,90213
6.2851E+12,1,5.8,4.8,V94W2,8/10/2026,1,,23461
6.2851E+12,1,5.8,4.8,V94W2,8/11/2026,1,,2695
6.2851E+12,1,5.8,4.8,V94W2,8/12/2026,1,,91339
6.2851E+12,1,5.8,4.8,V94W2,8/13/2026,1,,87958
6.2851E+12,1,5.8,4.8,V94W2,8/14/2026,1,,8283
6.2851E+12,1,5.8,4.8,V94W2,8/15/2026,1,,8717
6.2851E+12,1,5.8,4.8,V94W2,8/16/2026,1,,75178
6.2851E+12,1,5.8,4.8,V94W2,8/17/2026,1,,85268
6.2851E+12,1,5.8,4.8,V94W2,8/18/2026,1,,54393
6.2851E+12,1,5.8,4.8,V94W2,8/19/2026,1,,33283
6.2851E+12,1,5.8,4.8,V94W2,8/20/2026,1,,77730
6.2851E+12,1,5.8,4.8,V94W2,8/21/2026,1,,7311
6.2851E+12,1,5.8,4.8,V94W2,8/22/2026,1,,13256
6.2851E+12,1,5.8,4.8,V94W2,8/23/2026,1,,58307
6.2851E+12,1,5.8,4.8,V94W2,8/24/2026,1,,69629
6.2851E+12,1,5.8,4.8,V94W2,8/25/2026,1,,30947
6.2851E+12,1,5.8,4.8,V94W2,8/26/2026,1,,7536
6.2851E+12,1,5.8,4.8,V94W2,8/27/2026,1,,84219
6.2851E+12,1,5.8,4.8,V94W2,8/28/2026,1,,90331
6.2851E+12,1,5.8,4.8,V94W2,8/29/2026,1,,38910
6.2851E+12,1,5.8,4.8,V94W2,8/30/2026,1,,34093
6.2851E+12,1,5.8,4.8,V94W2,8/31/2026,1,,3296
6.2851E+12,1,5.8,4.8,V94W2,9/1/2026,1,,12627
6.2851E+12,1,5.8,4.8,V94W2,9/2/2026,1,,27917
6.2851E+12,1,5.8,4.8,V94W2,9/3/2026,1,,40280
6.2851E+12,1,5.8,4.8,V94W2,9/4/2026,1,,12693
6.2851E+12,1,5.8,4.8,V94W2,9/5/2026,1,,99542
6.2851E+12,1,5.8,4.8,V94W2,9/6/2026,1,,58517
6.2851E+12,1,5.8,4.8,V94W2,9/7/2026,1,,38903
6.2851E+12,1,5.8,4.8,V94W2,9/8/2026,1,,51337
6.2851E+12,1,5.8,4.8,V94W2,9/9/2026,1,,42934
6.2851E+12,1,5.8,4.8,V94W2,9/10/2026,1,,15578
6.2851E+12,1,5.8,4.8,V94W2,9/11/2026,1,,24629
6.2851E+12,1,5.8,4.8,V94W2,9/12/2026,1,,9714
6.2851E+12,1,5.8,4.8,V94W2,9/13/2026,1,,51698
6.2851E+12,1,5.8,4.8,V94W2,9/14/2026,1,,59910
6.2851E+12,1,5.8,4.8,V94W2,9/15/2026,1,,88451
6.2851E+12,1,5.8,4.8,V94W2,9/16/2026,1,,20180
6.2851E+12,1,5.8,4.8,V94W2,9/17/2026,1,,35468
6.2851E+12,1,5.8,4.8,V94W2,9/18/2026,1,,59763
6.2851E+12,1,5.8,4.8,V94W2,9/19/2026,1,,11114
6.2851E+12,1,5.8,4.8,V94W2,9/20/2026,1,,61131
6.2851E+12,1,5.8,4.8,V94W2,9/21/2026,1,,82878
6.2851E+12,1,5.8,4.8,V94W2,9/22/2026,1,,98548
6.2851E+12,1,5.8,4.8,V94W2,9/23/2026,1,,43001
6.2851E+12,1,5.8,4.8,V94W2,9/24/2026,1,,39023
6.2851E+12,1,5.8,4.8,V94W2,9/25/2026,1,,77725
6.2851E+12,1,5.8,4.8,V94W2,9/26/2026,1,,37334
6.2851E+12,1,5.8,4.8,V94W2,9/27/2026,1,,93046
6.2851E+12,1,5.8,4.8,V94W2,9/28/2026,1,,37194
6.2851E+12,1,5.8,4.8,V94W2,9/29/2026,1,,72767
6.2851E+12,1,5.8,4.8,V94W2,9/30/2026,1,,98322
6.2851E+12,1,5.8,4.8,V94W2,10/1/2026,1,,98266
6.2851E+12,1,5.8,4.8,V94W2,10/2/2026,1,,7308
6.2851E+12,1,5.8,4.8,V94W2,10/3/2026,1,,33850
6.2851E+12,1,5.8,4.8,V94W2,10/4/2026,1,,8448
6.2851E+12,1,5.8,4.8,V94W2,10/5/2026,1,,89616
6.2851E+12,1,5.8,4.8,V94W2,10/6/2026,1,,90431
6.2851E+12,1,5.8,4.8,V94W2,10/7/2026,1,,38284
6.2851E+12,1,5.8,4.8,V94W2,10/8/2026,1,,7670
6.2851E+12,1,5.8,4.8,V94W2,10/9/2026,1,,59617
6.2851E+12,1,5.8,4.8,V94W2,10/10/2026,1,,74142
6.2851E+12,1,5.8,4.8,V94W2,10/11/2026,1,,88222
6.2851E+12,1,5.8,4.8,V94W2,10/12/2026,1,,80843
6.2851E+12,1,5.8,4.8,V94W2,10/13/2026,1,,30872
6.2851E+12,1,5.8,4.8,V94W2,10/14/2026,1,,39571
6.2851E+12,1,5.8,4.8,V94W2,10/15/2026,1,,36489
6.2851E+12,1,5.8,4.8,V94W2,10/16/2026,1,,74680
6.2851E+12,1,5.8,4.8,V94W2,10/17/2026,1,,22480
6.2851E+12,1,5.8,4.8,V94W2,10/18/2026,1,,7171
6.2851E+12,1,5.8,4.8,V94W2,10/19/2026,1,,18312
6.2851E+12,1,5.8,4.8,V94W2,10/20/2026,1,,54838
6.2851E+12,1,5.8,4.8,V94W2,10/21/2026,1,,21430
6.2851E+12,1,5.8,4.8,V94W2,10/22/2026,1,,85965
6.2851E+12,1,5.8,4.8,V94W2,10/23/2026,1,,63142
6.2851E+12,1,5.8,4.8,V94W2,10/24/2026,1,,96500
6.2851E+12,1,5.8,4.8,V94W2,10/25/2026,1,,13183
6.2851E+12,1,5.8,4.8,V94W2,10/26/2026,1,,64929
6.2851E+12,1,5.8,4.8,V94W2,10/27/2026,1,,67230
6.2851E+12,1,5.8,4.8,V94W2,10/28/2026,1,,67449
6.2851E+12,1,5.8,4.8,V94W2,10/29/2026,1,,91065
6.2851E+12,1,5.8,4.8,V94W2,10/30/2026,1,,35423
6.2851E+12,1,5.8,4.8,V94W2,10/31/2026,1,,47186
6.2851E+12,1,5.8,4.8,V94W2,11/1/2026,1,,90751
6.2851E+12,1,5.8,4.8,V94W2,11/2/2026,1,,51457
6.2851E+12,1,5.8,4.8,V94W2,11/3/2026,1,,89241
6.2851E+12,1,5.8,4.8,V94W2,11/4/2026,1,,61684
6.2851E+12,1,5.8,4.8,V94W2,11/5/2026,1,,87976
6.2851E+12,1,5.8,4.8,V94W2,11/6/2026,1,,50430
6.2851E+12,1,5.8,4.8,V94W2,11/7/2026,1,,6235
6.2851E+12,1,5.8,4.8,V94W2,11/8/2026,1,,19203
6.2851E+12,1,5.8,4.8,V94W2,11/9/2026,1,,7248
6.2851E+12,1,5.8,4.8,V94W2,11/10/2026,1,,8810
6.2851E+12,1,5.8,4.8,V94W2,11/11/2026,1,,26282
6.2851E+12,1,5.8,4.8,V94W2,11/12/2026,1,,84232
6.2851E+12,1,5.8,4.8,V94W2,11/13/2026,1,,28258
6.2851E+12,1,5.8,4.8,V94W2,11/14/2026,1,,51440
6.2851E+12,1,5.8,4.8,V94W2,11/15/2026,1,,25345
6.2851E+12,1,5.8,4.8,V94W2,11/16/2026,1,,4290
6.2851E+12,1,5.8,4.8,V94W2,11/17/2026,1,,99585
6.2851E+12,1,5.8,4.8,V94W2,11/18/2026,1,,85523
6.2851E+12,1,5.8,4.8,V94W2,11/19/2026,1,,41086
6.2851E+12,1,5.8,4.8,V94W2,11/20/2026,1,,27885
6.2851E+12,1,5.8,4.8,V94W2,11/21/2026,1,,79625
6.2851E+12,1,5.8,4.8,V94W2,11/22/2026,1,,74029
6.2851E+12,1,5.8,4.8,V94W2,11/23/2026,1,,80200
6.2851E+12,1,5.8,4.8,V94W2,11/24/2026,1,,13003
6.2851E+12,1,5.8,4.8,V94W2,11/25/2026,1,,21131
6.2851E+12,1,5.8,4.8,V94W2,11/26/2026,1,,14252
6.2851E+12,1,5.8,4.8,V94W2,11/27/2026,1,,41359
6.2851E+12,1,5.8,4.8,V94W2,11/28/2026,1,,15106
6.2851E+12,1,5.8,4.8,V94W2,11/29/2026,1,,54366
6.2851E+12,1,5.8,4.8,V94W2,11/30/2026,1,,1383
6.2851E+12,1,5.8,4.8,V94W2,12/1/2026,1,,60850
6.2851E+12,1,5.8,4.8,V94W2,12/2/2026,1,,7656
6.2851E+12,1,5.8,4.8,V94W2,12/3/2026,1,,76989
6.2851E+12,1,5.8,4.8,V94W2,12/4/2026,1,,47354
6.2851E+12,1,5.8,4.8,V94W2,12/5/2026,1,,44111
6.2851E+12,1,5.8,4.8,V94W2,12/6/2026,1,,59612
6.2851E+12,1,5.8,4.8,V94W2,12/7/2026,1,,50301
6.2851E+12,1,5.8,4.8,V94W2,12/8/2026,1,,58322
6.2851E+12,1,5.8,4.8,V94W2,12/9/2026,1,,8471
6.2851E+12,1,5.8,4.8,V94W2,12/10/2026,1,,82225
6.2851E+12,1,5.8,4.8,V94W2,12/11/2026,1,,64988
6.2851E+12,1,5.8,4.8,V94W2,12/12/2026,1,,79809
6.2851E+12,1,5.8,4.8,V94W2,12/13/2026,1,,6492
6.2851E+12,1,5.8,4.8,V94W2,12/14/2026,1,,53222
6.2851E+12,1,5.8,4.8,V94W2,12/15/2026,1,,81401
6.2851E+12,1,5.8,4.8,V94W2,12/16/2026,1,,19697
6.2851E+12,1,5.8,4.8,V94W2,12/17/2026,1,,6576
6.2851E+12,1,5.8,4.8,V94W2,12/18/2026,1,,10684
6.2851E+12,1,5.8,4.8,V94W2,12/19/2026,1,,11253
6.2851E+12,1,5.8,4.8,V94W2,12/20/2026,1,,84245
6.2851E+12,1,5.8,4.8,V94W2,12/21/2026,1,,62049
6.2851E+12,1,5.8,4.8,V94W2,12/22/2026,1,,39169
6.2851E+12,1,5.8,4.8,V94W2,12/23/2026,1,,5968
6.2851E+12,1,5.8,4.8,V94W2,12/24/2026,1,,25074
6.2851E+12,1,5.8,4.8,V94W2,12/25/2026,1,,46215
6.2851E+12,1,5.8,4.8,V94W2,12/26/2026,1,,98113
6.2851E+12,1,5.8,4.8,V94W2,12/27/2026,1,,17761
6.2851E+12,1,5.8,4.8,V94W2,12/28/2026,1,,66115
6.2851E+12,1,5.8,4.8,V94W2,12/29/2026,1,,95270
6.2851E+12,1,5.8,4.8,V94W2,12/30/2026,1,,31846
6.2851E+12,1,5.8,4.8,V94W2,12/31/2026,1,,47435
6.2851E+12,1,5.8,4.8,V94W2,1/1/2027,1,,97684
6.2851E+12,1,5.8,4.8,V94W2,1/2/2027,1,,55993
6.2851E+12,1,5.8,4.8,V94W2,1/3/2027,1,,71429
6.2851E+12,1,5.8,4.8,V94W2,1/4/2027,1,,81110
6.2851E+12,1,5.8,4.8,V94W2,1/5/2027,1,,90538
6.2851E+12,1,5.8,4.8,V94W2,1/6/2027,1,,6315
6.2851E+12,1,5.8,4.8,V94W2,1/7/2027,1,,43579
6.2851E+12,1,5.8,4.8,V94W2,1/8/2027,1,,26291
6.2851E+12,1,5.8,4.8,V94W2,1/9/2027,1,,12994
6.2851E+12,1,5.8,4.8,V94W2,1/10/2027,1,,50711
6.2851E+12,1,5.8,4.8,V94W2,1/11/2027,1,,77247
6.2851E+12,1,5.8,4.8,V94W2,1/12/2027,1,,64188
6.2851E+12,1,5.8,4.8,V94W2,1/13/2027,1,,3118
6.2851E+12,1,5.8,4.8,V94W2,1/14/2027,1,,48909
6.2851E+12,1,5.8,4.8,V94W2,1/15/2027,1,,13918
6.2851E+12,1,5.8,4.8,V94W2,1/16/2027,1,,23440
6.2851E+12,1,5.8,4.8,V94W2,1/17/2027,1,,4741
6.2851E+12,1,5.8,4.8,V94W2,1/18/2027,1,,2014
6.2851E+12,1,5.8,4.8,V94W2,1/19/2027,1,,60869
6.2851E+12,1,5.8,4.8,V94W2,1/20/2027,1,,53258
6.2851E+12,1,5.8,4.8,V94W2,1/21/2027,1,,56291
6.2851E+12,1,5.8,4.8,V94W2,1/22/2027,1,,49705
6.2851E+12,1,5.8,4.8,V94W2,1/23/2027,1,,58612
6.2851E+12,1,5.8,4.8,V94W2,1/24/2027,1,,4050
6.2851E+12,1,5.8,4.8,V94W2,1/25/2027,1,,24221
6.2851E+12,1,5.8,4.8,V94W2,1/26/2027,1,,243
6.2851E+12,1,5.8,4.8,V94W2,1/27/2027,1,,60405
6.2851E+12,1,5.8,4.8,V94W2,1/28/2027,1,,12561
6.2851E+12,1,5.8,4.8,V94W2,1/29/2027,1,,27150
6.2851E+12,1,5.8,4.8,V94W2,1/30/2027,1,,3309
6.2851E+12,1,5.8,4.8,V94W2,1/31/2027,1,,17879
6.2851E+12,1,5.8,4.8,V94W2,2/1/2027,1,,72063
6.2851E+12,1,5.8,4.8,V94W2,2/2/2027,1,,75193
6.2851E+12,1,57,42,7X8A2,2/3/2027,1,,68593
6.2851E+12,1,57,42,7X8A2,2/4/2027,1,,70283
6.2851E+12,1,57,42,7X8A2,2/5/2027,1,,44851
6.2851E+12,1,57,42,7X8A2,2/6/2027,1,,64715
6.2851E+12,1,57,42,7X8A2,2/7/2027,1,,14978
6.2851E+12,1,57,42,7X8A2,2/8/2027,1,,21407
6.2851E+12,1,57,42,7X8A2,2/9/2027,1,,73527
6.2851E+12,1,57,42,7X8A2,2/10/2027,1,,10542
6.2851E+12,1,57,42,7X8A2,2/11/2027,1,,7005
6.2851E+12,1,57,42,7X8A2,2/12/2027,1,,52875
6.2851E+12,1,57,42,7X8A2,2/13/2027,1,,34898
6.2851E+12,1,57,42,7X8A2,2/14/2027,1,,69565
6.2851E+12,1,57,42,7X8A2,2/15/2027,1,,70048
6.2851E+12,1,57,42,7X8A2,2/16/2027,1,,59577
6.2851E+12,1,57,42,7X8A2,2/17/2027,1,,95335
6.2851E+12,1,57,42,7X8A2,2/18/2027,1,,18710
6.2851E+12,1,57,42,7X8A2,2/19/2027,1,,53898
6.2851E+12,1,57,42,7X8A2,2/20/2027,1,,12616
6.2851E+12,1,57,42,7X8A2,2/21/2027,1,,60187
6.2851E+12,1,57,42,7X8A2,2/22/2027,1,,1301
6.2851E+12,1,57,42,7X8A2,2/23/2027,1,,44653
6.2851E+12,1,57,42,7X8A2,2/24/2027,1,,37892
6.2851E+12,1,57,42,7X8A2,2/25/2027,1,,56047
6.2851E+12,1,57,42,7X8A2,2/26/2027,1,,47245
6.2851E+12,1,57,42,7X8A2,2/27/2027,1,,75660
6.2851E+12,1,57,42,7X8A2,2/28/2027,1,,84514
6.2851E+12,1,57,42,7X8A2,3/1/2027,1,,87321
6.2851E+12,1,57,42,7X8A2,3/2/2027,1,,98438
6.2851E+12,1,57,42,7X8A2,3/3/2027,1,,77670
6.2851E+12,1,57,42,7X8A2,3/4/2027,1,,27549
6.2851E+12,1,57,42,7X8A2,3/5/2027,1,,58933
6.2851E+12,1,57,42,7X8A2,3/6/2027,1,,10936
6.2851E+12,1,57,42,7X8A2,3/7/2027,1,,64904
6.2851E+12,1,57,42,7X8A2,3/8/2027,1,,7882
6.2851E+12,1,57,42,7X8A2,3/9/2027,1,,68700
6.2851E+12,1,57,42,7X8A2,3/10/2027,1,,63891
6.2851E+12,1,57,42,7X8A2,3/11/2027,1,,5741
6.2851E+12,1,57,42,7X8A2,3/12/2027,1,,70445
6.2851E+12,1,57,42,7X8A2,3/13/2027,1,,81180
6.2851E+12,1,57,42,7X8A2,3/14/2027,1,,63283
6.2851E+12,1,57,42,7X8A2,3/15/2027,1,,7004
6.2851E+12,1,57,42,7X8A2,3/16/2027,1,,32283
6.2851E+12,1,57,42,7X8A2,3/17/2027,1,,73408
6.2851E+12,1,57,42,7X8A2,3/18/2027,1,,5843
6.2851E+12,1,57,42,7X8A2,3/19/2027,1,,10335
6.2851E+12,1,57,42,7X8A2,3/20/2027,1,,88299
6.2851E+12,1,57,42,7X8A2,3/21/2027,1,,1750
6.2851E+12,1,57,42,7X8A2,3/22/2027,1,,3879
6.2851E+12,1,57,42,7X8A2,3/23/2027,1,,18002
6.2851E+12,1,57,42,7X8A2,3/24/2027,1,,30661
6.2851E+12,1,57,42,7X8A2,3/25/2027,1,,2747
6.2851E+12,1,57,42,7X8A2,3/26/2027,1,,99132
6.2851E+12,1,57,42,7X8A2,3/27/2027,1,,66834
6.2851E+12,1,57,42,7X8A2,3/28/2027,1,,93248
6.2851E+12,1,57,42,7X8A2,3/29/2027,1,,85265
6.2851E+12,1,57,42,7X8A2,3/30/2027,1,,70457
6.2851E+12,1,57,42,7X8A2,3/31/2027,1,,16482
6.2851E+12,1,57,42,7X8A2,4/1/2027,1,,91490
6.2851E+12,1,57,42,7X8A2,4/2/2027,1,,96247
6.2851E+12,1,57,42,7X8A2,4/3/2027,1,,79333
6.2851E+12,1,57,42,7X8A2,4/4/2027,1,,86621
6.2851E+12,1,57,42,7X8A2,4/5/2027,1,,21232
6.2851E+12,1,57,42,7X8A2,4/6/2027,1,,80373
6.2851E+12,1,57,42,7X8A2,4/7/2027,1,,69993
6.2851E+12,1,57,42,7X8A2,4/8/2027,1,,39151
6.2851E+12,1,57,42,7X8A2,4/9/2027,1,,63443
6.2851E+12,1,57,42,7X8A2,4/10/2027,1,,72652
6.2851E+12,1,57,42,7X8A2,4/11/2027,1,,43456
6.2851E+12,1,57,42,7X8A2,4/12/2027,1,,33477
6.2851E+12,1,57,42,7X8A2,4/13/2027,1,,65419
6.2851E+12,1,57,42,7X8A2,4/14/2027,1,,30130
6.2851E+12,1,57,42,7X8A2,4/15/2027,1,,57248
6.2851E+12,1,57,42,7X8A2,4/16/2027,1,,87054
6.2851E+12,1,57,42,7X8A2,4/17/2027,1,,59067
6.2851E+12,1,57,42,7X8A2,4/18/2027,1,,87158
6.2851E+12,1,57,42,7X8A2,4/19/2027,1,,72435
6.2851E+12,1,57,42,7X8A2,4/20/2027,1,,15723
6.2851E+12,1,57,42,7X8A2,4/21/2027,1,,65760
6.2851E+12,1,57,42,7X8A2,4/22/2027,1,,94260
6.2851E+12,1,57,42,7X8A2,4/23/2027,1,,29135
6.2851E+12,1,57,42,7X8A2,4/24/2027,1,,11495
6.2851E+12,1,57,42,7X8A2,4/25/2027,1,,70491
6.2851E+12,1,57,42,7X8A2,4/26/2027,1,,92964
6.2851E+12,1,57,42,7X8A2,4/27/2027,1,,23619
6.2851E+12,1,57,42,7X8A2,4/28/2027,1,,37889
6.2851E+12,1,57,42,7X8A2,4/29/2027,1,,95394
6.2851E+12,1,57,42,7X8A2,4/30/2027,1,,11655
6.2851E+12,1,57,42,7X8A2,5/1/2027,1,,64368
6.2851E+12,1,57,42,7X8A2,5/2/2027,1,,23495
6.2851E+12,1,57,42,7X8A2,5/3/2027,1,,37315
6.2851E+12,1,57,42,7X8A2,5/4/2027,1,,88370
6.2851E+12,1,57,42,7X8A2,5/5/2027,1,,75571
6.2851E+12,1,57,42,7X8A2,5/6/2027,1,,97950
6.2851E+12,1,57,42,7X8A2,5/7/2027,1,,93564
6.2851E+12,1,57,42,7X8A2,5/8/2027,1,,23753
6.2851E+12,1,57,42,7X8A2,5/9/2027,1,,59462
6.2851E+12,1,57,42,7X8A2,5/10/2027,1,,51036
6.2851E+12,1,57,42,7X8A2,5/11/2027,1,,61373
6.2851E+12,1,57,42,7X8A2,5/12/2027,1,,48129
6.2851E+12,1,57,42,7X8A2,5/13/2027,1,,42205
6.2851E+12,1,57,42,7X8A2,5/14/2027,1,,88273
6.2851E+12,1,57,42,7X8A2,5/15/2027,1,,31945
6.2851E+12,1,57,42,7X8A2,5/16/2027,1,,62437
6.2851E+12,1,57,42,7X8A2,5/17/2027,1,,51969
6.2851E+12,1,57,42,7X8A2,5/18/2027,1,,48518
6.2851E+12,1,57,42,7X8A2,5/19/2027,1,,31925
6.2851E+12,1,57,42,7X8A2,5/20/2027,1,,85273
6.2851E+12,1,57,42,7X8A2,5/21/2027,1,,90930
6.2851E+12,1,57,42,7X8A2,5/22/2027,1,,86581
6.2851E+12,1,57,42,7X8A2,5/23/2027,1,,59000
6.2851E+12,1,57,42,7X8A2,5/24/2027,1,,99642
6.2851E+12,1,57,42,7X8A2,5/25/2027,1,,52725
6.2851E+12,1,57,42,7X8A2,5/26/2027,1,,85907
6.2851E+12,1,57,42,7X8A2,5/27/2027,1,,22005
6.2851E+12,1,57,42,7X8A2,5/28/2027,1,,46324
6.2851E+12,1,57,42,7X8A2,5/29/2027,1,,34756
6.2851E+12,1,57,42,7X8A2,5/30/2027,1,,24763
6.2851E+12,1,57,42,7X8A2,5/31/2027,1,,42690
6.2851E+12,1,57,42,7X8A2,6/1/2027,1,,5719
6.2851E+12,1,57,42,7X8A2,6/2/2027,1,,28743
6.2851E+12,1,57,42,7X8A2,6/3/2027,1,,23391
6.2851E+12,1,57,42,7X8A2,6/4/2027,1,,56536
6.2851E+12,1,57,42,7X8A2,6/5/2027,1,,16112
6.2851E+12,1,57,42,7X8A2,6/6/2027,1,,59028
6.2851E+12,1,57,42,7X8A2,6/7/2027,1,,26712
6.2851E+12,1,57,42,7X8A2,6/8/2027,1,,21377
6.2851E+12,1,57,42,7X8A2,6/9/2027,1,,32930
6.2851E+12,1,57,42,7X8A2,6/10/2027,1,,2706
6.2851E+12,1,57,42,7X8A2,6/11/2027,1,,25125
6.2851E+12,1,57,42,7X8A2,6/12/2027,1,,94233
6.2851E+12,1,57,42,7X8A2,6/13/2027,1,,6795
6.2851E+12,1,57,42,7X8A2,6/14/2027,1,,14540
6.2851E+12,1,57,42,7X8A2,6/15/2027,1,,4229
6.2851E+12,1,57,42,7X8A2,6/16/2027,1,,52826
6.2851E+12,1,57,42,7X8A2,6/17/2027,1,,84492
6.2851E+12,1,57,42,7X8A2,6/18/2027,1,,29607
6.2851E+12,1,57,42,7X8A2,6/19/2027,1,,36442
6.2851E+12,1,57,42,7X8A2,6/20/2027,1,,77828
6.2851E+12,1,57,42,7X8A2,6/21/2027,1,,76467
6.2851E+12,1,57,42,7X8A2,6/22/2027,1,,18023
6.2851E+12,1,57,42,7X8A2,6/23/2027,1,,93119
6.2851E+12,1,57,42,7X8A2,6/24/2027,1,,5596
6.2851E+12,1,57,42,7X8A2,6/25/2027,1,,22388
6.2851E+12,1,57,42,7X8A2,6/26/2027,1,,48987
6.2851E+12,1,57,42,7X8A2,6/27/2027,1,,37062
6.2851E+12,1,57,42,7X8A2,6/28/2027,1,,38772
6.2851E+12,1,57,42,7X8A2,6/29/2027,1,,49024
6.2851E+12,1,57,42,7X8A2,6/30/2027,1,,59082
6.2851E+12,1,57,42,7X8A2,7/1/2027,1,,75583
6.2851E+12,1,57,42,7X8A2,7/2/2027,1,,4854
6.2851E+12,1,57,42,7X8A2,7/3/2027,1,,30312
6.2851E+12,1,57,42,7X8A2,7/4/2027,1,,92696
6.2851E+12,1,57,42,7X8A2,7/5/2027,1,,75804
6.2851E+12,1,57,42,7X8A2,7/6/2027,1,,9661
6.2851E+12,1,57,42,7X8A2,7/7/2027,1,,69721
6.2851E+12,1,57,42,7X8A2,7/8/2027,1,,62775
6.2851E+12,1,57,42,7X8A2,7/9/2027,1,,61418
6.2851E+12,1,57,42,7X8A2,7/10/2027,1,,55804
6.2851E+12,1,57,42,7X8A2,7/11/2027,1,,45479
6.2851E+12,1,57,42,7X8A2,7/12/2027,1,,28784
6.2851E+12,1,57,42,7X8A2,7/13/2027,1,,4471
6.2851E+12,1,57,42,7X8A2,7/14/2027,1,,26923
6.2851E+12,1,57,42,7X8A2,7/15/2027,1,,652
6.2851E+12,1,57,42,7X8A2,7/16/2027,1,,43718
6.2851E+12,1,57,42,7X8A2,7/17/2027,1,,92841
6.2851E+12,1,57,42,7X8A2,7/18/2027,1,,47553
6.2851E+12,1,57,42,7X8A2,7/19/2027,1,,67922
6.2851E+12,1,57,42,7X8A2,7/20/2027,1,,36669
6.2851E+12,1,57,42,7X8A2,7/21/2027,1,,88302
6.2851E+12,1,57,42,7X8A2,7/22/2027,1,,46481
6.2851E+12,1,57,42,7X8A2,7/23/2027,1,,18599
6.2851E+12,1,57,42,7X8A2,7/24/2027,1,,15050
6.2851E+12,1,57,42,7X8A2,7/25/2027,1,,17178
6.2851E+12,1,57,42,7X8A2,7/26/2027,1,,27962
6.2851E+12,1,57,42,7X8A2,7/27/2027,1,,68435
6.2851E+12,1,57,42,7X8A2,7/28/2027,1,,39488
6.2851E+12,1,57,42,7X8A2,7/29/2027,1,,79069
6.2851E+12,1,57,42,7X8A2,7/30/2027,1,,31987
6.2851E+12,1,57,42,7X8A2,7/31/2027,1,,48352
6.2851E+12,1,57,42,7X8A2,8/1/2027,1,,47113
6.2851E+12,1,57,42,7X8A2,8/2/2027,1,,22192
6.2851E+12,1,57,42,7X8A2,8/3/2027,1,,76869
6.2851E+12,1,57,42,7X8A2,8/4/2027,1,,85747
6.2851E+12,1,57,42,7X8A2,8/5/2027,1,,17001
6.2851E+12,1,57,42,7X8A2,8/6/2027,1,,52526
6.2851E+12,1,57,42,7X8A2,8/7/2027,1,,84137
6.2851E+12,1,57,42,7X8A2,8/8/2027,1,,35529
6.2851E+12,1,57,42,7X8A2,8/9/2027,1,,5392
6.2851E+12,1,57,42,7X8A2,8/10/2027,1,,72740
6.2851E+12,1,57,42,7X8A2,8/11/2027,1,,86891
6.2851E+12,1,57,42,7X8A2,8/12/2027,1,,66496
6.2851E+12,1,57,42,7X8A2,8/13/2027,1,,41327
6.2851E+12,1,57,42,7X8A2,8/14/2027,1,,80516
6.2851E+12,1,57,42,7X8A2,8/15/2027,1,,54338
6.2851E+12,1,57,42,7X8A2,8/16/2027,1,,86303
6.2851E+12,1,57,42,7X8A2,8/17/2027,1,,21988
6.2851E+12,1,57,42,7X8A2,8/18/2027,1,,6935
6.2851E+12,1,57,42,7X8A2,8/19/2027,1,,31623
6.2851E+12,1,57,42,7X8A2,8/20/2027,1,,51059
6.2851E+12,1,57,42,7X8A2,8/21/2027,1,,33408
6.2851E+12,1,57,42,7X8A2,8/22/2027,1,,22471
6.2851E+12,1,57,42,7X8A2,8/23/2027,1,,73802
6.2851E+12,1,57,42,7X8A2,8/24/2027,1,,10895
6.2851E+12,1,57,42,7X8A2,8/25/2027,1,,40621
6.2851E+12,1,57,42,7X8A2,8/26/2027,1,,87489
6.2851E+12,1,57,42,7X8A2,8/27/2027,1,,79564
6.2851E+12,1,57,42,7X8A2,8/28/2027,1,,3155
6.2851E+12,1,57,42,7X8A2,8/29/2027,1,,5582
6.2851E+12,1,57,42,7X8A2,8/30/2027,1,,87385
6.2851E+12,1,57,42,7X8A2,8/31/2027,1,,19636
6.2851E+12,1,57,42,7X8A2,9/1/2027,1,,95793
6.2851E+12,1,57,42,7X8A2,9/2/2027,1,,59405
6.2851E+12,1,57,42,7X8A2,9/3/2027,1,,32473
6.2851E+12,1,57,42,7X8A2,9/4/2027,1,,62670
6.2851E+12,1,57,42,7X8A2,9/5/2027,1,,9038
6.2851E+12,1,57,42,7X8A2,9/6/2027,1,,4830
6.2851E+12,1,57,42,7X8A2,9/7/2027,1,,50292
6.2851E+12,1,57,42,7X8A2,9/8/2027,1,,34045
6.2851E+12,1,57,42,7X8A2,9/9/2027,1,,38324
6.2851E+12,1,57,42,7X8A2,9/10/2027,1,,24999
6.2851E+12,1,57,42,7X8A2,9/11/2027,1,,45230
6.2851E+12,1,57,42,7X8A2,9/12/2027,1,,74626
6.2851E+12,1,57,42,7X8A2,9/13/2027,1,,37397
6.2851E+12,1,57,42,7X8A2,9/14/2027,1,,87803
6.2851E+12,1,57,42,7X8A2,9/15/2027,1,,39195
6.2851E+12,1,57,42,7X8A2,9/16/2027,1,,66733
6.2851E+12,1,57,42,7X8A2,9/17/2027,1,,36264
6.2851E+12,1,57,42,7X8A2,9/18/2027,1,,89789
6.2851E+12,1,57,42,7X8A2,9/19/2027,1,,66769
6.2851E+12,1,57,42,7X8A2,9/20/2027,1,,63315
6.2851E+12,1,57,42,7X8A2,9/21/2027,1,,26269
6.2851E+12,1,57,42,7X8A2,9/22/2027,1,,18859
6.2851E+12,1,57,42,7X8A2,9/23/2027,1,,81385
6.2851E+12,1,57,42,7X8A2,9/24/2027,1,,66073
6.2851E+12,1,57,42,7X8A2,9/25/2027,1,,73329
6.2851E+12,1,57,42,7X8A2,9/26/2027,1,,65775
6.2851E+12,1,57,42,7X8A2,9/27/2027,1,,32306
6.2851E+12,1,57,42,7X8A2,9/28/2027,1,,72179
6.2851E+12,1,57,42,7X8A2,9/29/2027,1,,18779
6.2851E+12,1,57,42,7X8A2,9/30/2027,1,,25696
6.2851E+12,1,57,42,7X8A2,10/1/2027,1,,97296
6.2851E+12,1,57,42,7X8A2,10/2/2027,1,,66552
6.2851E+12,1,57,42,7X8A2,10/3/2027,1,,27388
6.2851E+12,1,57,42,7X8A2,10/4/2027,1,,9333
6.2851E+12,1,57,42,7X8A2,10/5/2027,1,,38332
6.2851E+12,1,57,42,7X8A2,10/6/2027,1,,73482
6.2851E+12,1,57,42,7X8A2,10/7/2027,1,,48425
6.2851E+12,1,57,42,7X8A2,10/8/2027,1,,95204
6.2851E+12,1,57,42,7X8A2,10/9/2027,1,,28440
6.2851E+12,1,57,42,7X8A2,10/10/2027,1,,23576
6.2851E+12,1,57,42,7X8A2,10/11/2027,1,,58089
6.2851E+12,1,57,42,7X8A2,10/12/2027,1,,47956
6.2851E+12,1,57,42,7X8A2,10/13/2027,1,,78317
6.2851E+12,1,57,42,7X8A2,10/14/2027,1,,56833
6.2851E+12,1,57,42,573E2,10/15/2027,1,,47018
6.2851E+12,1,57,42,573E2,10/16/2027,1,,2878
6.2851E+12,1,57,42,573E2,10/17/2027,1,,50129
6.2851E+12,1,57,42,573E2,10/18/2027,1,,62110
6.2851E+12,1,57,42,573E2,10/19/2027,1,,80650
6.2851E+12,1,57,42,573E2,10/20/2027,1,,10501
6.2851E+12,1,57,42,573E2,10/21/2027,1,,24339
6.2851E+12,1,57,42,573E2,10/22/2027,1,,25792
6.2851E+12,1,57,42,573E2,10/23/2027,1,,32892
6.2851E+12,1,57,42,573E2,10/24/2027,1,,3780
6.2851E+12,1,57,42,573E2,10/25/2027,1,,43489
6.2851E+12,1,57,42,573E2,10/26/2027,1,,95587
6.2851E+12,1,57,42,573E2,10/27/2027,1,,30430
6.2851E+12,1,57,42,573E2,10/28/2027,1,,43095
6.2851E+12,1,57,42,573E2,10/29/2027,1,,10969
6.2851E+12,1,57,42,573E2,10/30/2027,1,,78121
6.2851E+12,1,57,42,573E2,10/31/2027,1,,44871
6.2851E+12,1,57,42,573E2,11/1/2027,1,,30100
6.2851E+12,1,57,42,573E2,11/2/2027,1,,5116
6.2851E+12,1,57,42,573E2,11/3/2027,1,,68911
6.2851E+12,1,57,42,573E2,11/4/2027,1,,43599
6.2851E+12,1,57,42,573E2,11/5/2027,1,,62229
6.2851E+12,1,57,42,573E2,11/6/2027,1,,76770
6.2851E+12,1,57,42,573E2,11/7/2027,1,,30661
6.2851E+12,1,57,42,573E2,11/8/2027,1,,3190
6.2851E+12,1,57,42,573E2,11/9/2027,1,,82747
6.2851E+12,1,57,42,573E2,11/10/2027,1,,54277
6.2851E+12,1,57,42,573E2,11/11/2027,1,,66296
6.2851E+12,1,57,42,573E2,11/12/2027,1,,95830
6.2851E+12,1,57,42,573E2,11/13/2027,1,,96452
6.2851E+12,1,57,42,573E2,11/14/2027,1,,67226
6.2851E+12,1,57,42,573E2,11/15/2027,1,,57487
6.2851E+12,1,57,42,573E2,11/16/2027,1,,36193
6.2851E+12,1,57,42,573E2,11/17/2027,1,,97902
6.2851E+12,1,57,42,573E2,11/18/2027,1,,45579
6.2851E+12,1,57,42,573E2,11/19/2027,1,,64925
6.2851E+12,1,57,42,573E2,11/20/2027,1,,59843
6.2851E+12,1,57,42,573E2,11/21/2027,1,,35389
6.2851E+12,1,57,42,573E2,11/22/2027,1,,54098
6.2851E+12,1,57,42,573E2,11/23/2027,1,,24724
6.2851E+12,1,57,42,573E2,11/24/2027,1,,82680
6.2851E+12,1,57,42,573E2,11/25/2027,1,,61283
6.2851E+12,1,57,42,573E2,11/26/2027,1,,80205
6.2851E+12,1,57,42,573E2,11/27/2027,1,,31090
6.2851E+12,1,57,42,573E2,11/28/2027,1,,71636
6.2851E+12,1,57,42,573E2,11/29/2027,1,,12752
6.2851E+12,1,57,42,573E2,11/30/2027,1,,56303
6.2851E+12,1,57,42,573E2,12/1/2027,1,,89709
6.2851E+12,1,57,42,573E2,12/2/2027,1,,40169
6.2851E+12,1,57,42,573E2,12/3/2027,1,,19835
6.2851E+12,1,57,42,573E2,12/4/2027,1,,21747
6.2851E+12,1,57,42,573E2,12/5/2027,1,,41213
6.2851E+12,1,57,42,573E2,12/6/2027,1,,37511
6.2851E+12,1,57,42,573E2,12/7/2027,1,,28357
6.2851E+12,1,57,42,573E2,12/8/2027,1,,31994
6.2851E+12,1,57,42,573E2,12/9/2027,1,,46898
6.2851E+12,1,57,42,573E2,12/10/2027,1,,55724
6.2851E+12,1,57,42,573E2,12/11/2027,1,,63515
6.2851E+12,1,57,42,573E2,12/12/2027,1,,87720
6.2851E+12,1,57,42,573E2,12/13/2027,1,,66864
6.2851E+12,1,57,42,573E2,12/14/2027,1,,89567
6.2851E+12,1,57,42,573E2,12/15/2027,1,,81639
6.2851E+12,1,57,42,573E2,12/16/2027,1,,85260
6.2851E+12,1,57,42,573E2,12/17/2027,1,,3687
6.2851E+12,1,57,42,573E2,12/18/2027,1,,20979
6.2851E+12,1,57,42,573E2,12/19/2027,1,,27327
6.2851E+12,1,57,42,573E2,12/20/2027,1,,91517
6.2851E+12,1,57,42,573E2,12/21/2027,1,,11606
6.2851E+12,1,57,42,573E2,12/22/2027,1,,89885
6.2851E+12,1,57,42,573E2,12/23/2027,1,,91830
6.2851E+12,1,57,42,573E2,12/24/2027,1,,10229
6.2851E+12,1,57,42,573E2,12/25/2027,1,,5085
6.2851E+12,1,57,42,724051,12/26/2027,1,,92934
6.2851E+12,1,57,42,724051,12/27/2027,1,,36440
6.2851E+12,1,57,42,724051,12/28/2027,1,,10753
6.2851E+12,1,57,42,724051,12/29/2027,1,,67251
6.2851E+12,1,57,42,724051,12/30/2027,1,,40375
6.2851E+12,1,57,42,724051,12/31/2027,1,,36984
6.2851E+12,1,57,42,724051,1/1/2028,1,,8220
6.2851E+12,1,57,42,724051,1/2/2028,1,,94670
6.2851E+12,1,57,42,724051,1/3/2028,1,,32377
6.2851E+12,1,57,42,724051,1/4/2028,1,,16866
6.2851E+12,1,57,42,724051,1/5/2028,1,,48780
6.2851E+12,1,57,42,724051,1/6/2028,1,,91057
6.2851E+12,1,57,42,724051,1/7/2028,1,,39430
6.2851E+12,1,57,42,724051,1/8/2028,1,,41654
6.2851E+12,1,57,42,724051,1/9/2028,1,,51471
6.2851E+12,1,57,42,724051,1/10/2028,1,,95606
6.2851E+12,1,57,42,724051,1/11/2028,1,,31296
6.2851E+12,1,57,42,724051,1/12/2028,1,,44671
6.2851E+12,1,57,42,BY2N2,1/13/2028,1,,69575
6.2851E+12,1,57,42,BY2N2,1/14/2028,1,,72947
6.2851E+12,1,57,42,BY2N2,1/15/2028,1,,26690
6.2851E+12,1,57,42,BY2N2,1/16/2028,1,,51561
6.2851E+12,1,57,42,BY2N2,1/17/2028,1,,21713
6.2851E+12,1,57,42,BY2N2,1/18/2028,1,,66480
6.2851E+12,1,57,42,BY2N2,1/19/2028,1,,77300
6.2851E+12,1,57,42,BY2N2,1/20/2028,1,,15923
6.2851E+12,1,57,42,BY2N2,1/21/2028,1,,80261
6.2851E+12,1,57,42,BY2N2,1/22/2028,1,,65845
6.2851E+12,1,57,42,BY2N2,1/23/2028,1,,34487
6.2851E+12,1,57,42,BY2N2,1/24/2028,1,,12936
6.2851E+12,1,57,42,BY2N2,1/25/2028,1,,44789
6.2851E+12,1,57,42,BY2N2,1/26/2028,1,,41834
6.2851E+12,1,57,42,BY2N2,1/27/2028,1,,79417
6.2851E+12,1,57,42,BY2N2,1/28/2028,1,,20835
6.2851E+12,1,57,42,BY2N2,1/29/2028,1,,37009
6.2851E+12,1,57,42,BY2N2,1/30/2028,1,,26130
6.2851E+12,1,57,42,BY2N2,1/31/2028,1,,5291
6.2851E+12,1,57,42,BY2N2,2/1/2028,1,,3435
6.2851E+12,1,57,42,BY2N2,2/2/2028,1,,68987
6.2851E+12,1,57,42,BY2N2,2/3/2028,1,,91445
6.2851E+12,1,57,42,BY2N2,2/4/2028,1,,3636
6.2851E+12,1,57,42,BY2N2,2/5/2028,1,,31035
6.2851E+12,1,57,42,BY2N2,2/6/2028,1,,86348
6.2851E+12,1,57,42,BY2N2,2/7/2028,1,,37550
6.2851E+12,1,57,42,BY2N2,2/8/2028,1,,99691
6.2851E+12,1,57,42,BY2N2,2/9/2028,1,,80034
6.2851E+12,1,57,42,BY2N2,2/10/2028,1,,36701
6.2851E+12,1,57,42,BY2N2,2/11/2028,1,,78729
6.2851E+12,1,57,42,BY2N2,2/12/2028,1,,62932
6.2851E+12,1,57,42,BY2N2,2/13/2028,1,,44649
6.2851E+12,1,57,42,BY2N2,2/14/2028,1,,33001
6.2851E+12,1,57,42,BY2N2,2/15/2028,1,,2330
6.2851E+12,1,57,42,BY2N2,2/16/2028,1,,7088
6.2851E+12,1,57,42,BY2N2,2/17/2028,1,,9164
6.2851E+12,1,57,42,BY2N2,2/18/2028,1,,3166
6.2851E+12,1,57,42,BY2N2,2/19/2028,1,,34099
6.2851E+12,1,57,42,BY2N2,2/20/2028,1,,13456
6.2851E+12,1,57,42,BY2N2,2/21/2028,1,,22755
6.2851E+12,1,57,42,BY2N2,2/22/2028,1,,91128
6.2851E+12,1,57,42,BY2N2,2/23/2028,1,,25138
6.2851E+12,1,57,42,BY2N2,2/24/2028,1,,14304
6.2851E+12,1,57,42,BY2N2,2/25/2028,1,,22840
6.2851E+12,1,57,42,BY2N2,2/26/2028,1,,46118
6.2851E+12,1,57,42,BY2N2,2/27/2028,1,,5567
6.2851E+12,1,57,42,BY2N2,2/28/2028,1,,9597
6.2851E+12,1,57,42,BY2N2,2/29/2028,1,,96327
6.2851E+12,1,57,42,BY2N2,3/1/2028,1,,41437
6.2851E+12,1,57,42,BY2N2,3/2/2028,1,,90370
6.2851E+12,1,57,42,BY2N2,3/3/2028,1,,24867
6.2851E+12,1,57,42,BY2N2,3/4/2028,1,,92937
6.2851E+12,1,57,42,BY2N2,3/5/2028,1,,27804
6.2851E+12,1,57,42,BY2N2,3/6/2028,1,,6780
6.2851E+12,1,57,42,BY2N2,3/7/2028,1,,14685
6.2851E+12,1,57,42,BY2N2,3/8/2028,1,,57550
6.2851E+12,1,57,42,BY2N2,3/9/2028,1,,33914
6.2851E+12,1,57,42,BY2N2,3/10/2028,1,,64376
6.2851E+12,1,57,42,BY2N2,3/11/2028,1,,92289
6.2851E+12,1,57,42,BY2N2,3/12/2028,1,,98303
6.2851E+12,1,57,42,BY2N2,3/13/2028,1,,74106
6.2851E+12,1,57,42,BY2N2,3/14/2028,1,,56919
6.2851E+12,1,57,42,BY2N2,3/15/2028,1,,14095
6.2851E+12,1,57,42,BY2N2,3/16/2028,1,,34374
6.2851E+12,1,57,42,BY2N2,3/17/2028,1,,75629
6.2851E+12,1,57,42,BY2N2,3/18/2028,1,,74968
6.2851E+12,1,57,42,BY2N2,3/19/2028,1,,20466
6.2851E+12,1,57,42,BY2N2,3/20/2028,1,,47323
6.2851E+12,1,57,42,BY2N2,3/21/2028,1,,92520
6.2851E+12,1,57,42,BY2N2,3/22/2028,1,,21905
6.2851E+12,1,57,42,BY2N2,3/23/2028,1,,76596
6.2851E+12,1,57,42,BY2N2,3/24/2028,1,,27300
6.2851E+12,1,57,42,BY2N2,3/25/2028,1,,75729
6.2851E+12,1,57,42,BY2N2,3/26/2028,1,,20224
6.2851E+12,1,57,42,BY2N2,3/27/2028,1,,37968
6.2851E+12,1,57,42,BY2N2,3/28/2028,1,,80798
6.2851E+12,1,57,42,BY2N2,3/29/2028,1,,54075
6.2851E+12,1,57,42,BY2N2,3/30/2028,1,,41386
6.2851E+12,1,57,42,BY2N2,3/31/2028,1,,14601
6.2851E+12,1,57,42,BY2N2,4/1/2028,1,,11959
6.2851E+12,1,57,42,BY2N2,4/2/2028,1,,59072
6.2851E+12,1,57,42,BY2N2,4/3/2028,1,,33140
6.2851E+12,1,57,42,BY2N2,4/4/2028,1,,64105
6.2851E+12,1,57,42,BY2N2,4/5/2028,1,,90213
6.2851E+12,1,57,42,BY2N2,4/6/2028,1,,23461
6.2851E+12,1,57,42,BY2N2,4/7/2028,1,,2695
6.2851E+12,1,57,42,BY2N2,4/8/2028,1,,91339
6.2851E+12,1,57,42,BY2N2,4/9/2028,1,,87958
6.2851E+12,1,57,42,BY2N2,4/10/2028,1,,8283
6.2851E+12,1,57,42,BY2N2,4/11/2028,1,,8717
6.2851E+12,1,57,42,BY2N2,4/12/2028,1,,75178
6.2851E+12,1,57,42,BY2N2,4/13/2028,1,,85268
6.2851E+12,1,57,42,BY2N2,4/14/2028,1,,54393
6.2851E+12,1,57,42,BY2N2,4/15/2028,1,,33283
6.2851E+12,1,57,42,BY2N2,4/16/2028,1,,77730
6.2851E+12,1,57,42,BY2N2,4/17/2028,1,,7311
6.2851E+12,1,57,42,BY2N2,4/18/2028,1,,13256
6.2851E+12,1,57,42,BY2N2,4/19/2028,1,,58307
6.2851E+12,1,57,42,BY2N2,4/20/2028,1,,69629
6.2851E+12,1,57,42,BY2N2,4/21/2028,1,,30947
6.2851E+12,1,57,42,BY2N2,4/22/2028,1,,7536
6.2851E+12,1,57,42,BY2N2,4/23/2028,1,,84219
6.2851E+12,1,57,42,BY2N2,4/24/2028,1,,90331
6.2851E+12,1,57,42,BY2N2,4/25/2028,1,,38910
6.2851E+12,1,57,42,BY2N2,4/26/2028,1,,34093
6.2851E+12,1,57,42,BY2N2,4/27/2028,1,,3296
6.2851E+12,1,57,42,BY2N2,4/28/2028,1,,12627
6.2851E+12,1,57,42,BY2N2,4/29/2028,1,,27917
6.2851E+12,1,57,42,BY2N2,4/30/2028,1,,40280
6.2851E+12,1,57,42,BY2N2,5/1/2028,1,,12693
6.2851E+12,1,57,42,BY2N2,5/2/2028,1,,99542
6.2851E+12,1,57,42,BY2N2,5/3/2028,1,,58517
6.2851E+12,1,57,42,BY2N2,5/4/2028,1,,38903
6.2851E+12,1,57,42,BY2N2,5/5/2028,1,,51337
6.2851E+12,1,57,42,BY2N2,5/6/2028,1,,42934
6.2851E+12,1,57,42,BY2N2,5/7/2028,1,,15578
6.2851E+12,1,57,42,BY2N2,5/8/2028,1,,24629
6.2851E+12,1,57,42,BY2N2,5/9/2028,1,,9714
6.2851E+12,1,57,42,BY2N2,5/10/2028,1,,51698
6.2851E+12,1,57,42,BY2N2,5/11/2028,1,,59910
6.2851E+12,1,57,42,BY2N2,5/12/2028,1,,88451
6.2851E+12,1,57,42,BY2N2,5/13/2028,1,,20180
6.2851E+12,1,57,42,BY2N2,5/14/2028,1,,35468
6.2851E+12,1,57,42,BY2N2,5/15/2028,1,,59763
6.2851E+12,1,57,42,BY2N2,5/16/2028,1,,11114
6.2851E+12,1,57,42,BY2N2,5/17/2028,1,,61131
6.2851E+12,1,57,42,BY2N2,5/18/2028,1,,82878
6.2851E+12,1,57,42,BY2N2,5/19/2028,1,,98548
6.2851E+12,1,57,42,BY2N2,5/20/2028,1,,43001
6.2851E+12,1,57,42,BY2N2,5/21/2028,1,,39023
6.2851E+12,1,57,42,BY2N2,5/22/2028,1,,77725
6.2851E+12,1,57,42,BY2N2,5/23/2028,1,,37334
6.2851E+12,1,57,42,BY2N2,5/24/2028,1,,93046
6.2851E+12,1,57,42,BY2N2,5/25/2028,1,,37194
6.2851E+12,1,57,42,BY2N2,5/26/2028,1,,72767
6.2851E+12,1,57,42,BY2N2,5/27/2028,1,,98322
6.2851E+12,1,57,42,BY2N2,5/28/2028,1,,98266
6.2851E+12,1,57,42,BY2N2,5/29/2028,1,,7308
6.2851E+12,1,57,42,BY2N2,5/30/2028,1,,33850
6.2851E+12,1,57,42,BY2N2,5/31/2028,1,,8448
6.2851E+12,1,57,42,BY2N2,6/1/2028,1,,89616
6.2851E+12,1,57,42,BY2N2,6/2/2028,1,,90431
6.2851E+12,1,57,42,BY2N2,6/3/2028,1,,38284
6.2851E+12,1,57,42,BY2N2,6/4/2028,1,,7670
6.2851E+12,1,57,42,BY2N2,6/5/2028,1,,59617
6.2851E+12,1,57,42,BY2N2,6/6/2028,1,,74142
6.2851E+12,1,57,42,BY2N2,6/7/2028,1,,88222
6.2851E+12,1,57,42,BY2N2,6/8/2028,1,,80843
6.2851E+12,1,57,42,BY2N2,6/9/2028,1,,30872
6.2851E+12,1,57,42,BY2N2,6/10/2028,1,,39571
6.2851E+12,1,57,42,BY2N2,6/11/2028,1,,36489
6.2851E+12,1,57,42,BY2N2,6/12/2028,1,,74680
6.2851E+12,1,57,42,BY2N2,6/13/2028,1,,22480
6.2851E+12,1,57,42,BY2N2,6/14/2028,1,,7171
6.2851E+12,1,57,42,BY2N2,6/15/2028,1,,18312
6.2851E+12,1,57,42,BY2N2,6/16/2028,1,,54838
6.2851E+12,1,57,42,BY2N2,6/17/2028,1,,21430
6.2851E+12,1,57,42,BY2N2,6/18/2028,1,,85965
6.2851E+12,1,57,42,BY2N2,6/19/2028,1,,63142
6.2851E+12,1,57,42,BY2N2,6/20/2028,1,,96500
6.2851E+12,1,57,42,BY2N2,6/21/2028,1,,13183
6.2851E+12,1,57,42,BY2N2,6/22/2028,1,,64929
6.2851E+12,1,57,42,BY2N2,6/23/2028,1,,67230
6.2851E+12,1,57,42,BY2N2,6/24/2028,1,,67449
6.2851E+12,1,57,42,BY2N2,6/25/2028,1,,91065
6.2851E+12,1,57,42,BY2N2,6/26/2028,1,,35423
6.2851E+12,1,57,42,BY2N2,6/27/2028,1,,47186
6.2851E+12,1,57,42,BY2N2,6/28/2028,1,,90751
6.2851E+12,1,57,42,BY2N2,6/29/2028,1,,51457
6.2851E+12,1,57,42,BY2N2,6/30/2028,1,,89241
6.2851E+12,1,57,42,BY2N2,7/1/2028,1,,61684
6.2851E+12,1,57,42,BY2N2,7/2/2028,1,,87976
6.2851E+12,1,57,42,BY2N2,7/3/2028,1,,50430
6.2851E+12,1,57,42,BY2N2,7/4/2028,1,,6235
6.2851E+12,1,57,42,BY2N2,7/5/2028,1,,19203
6.2851E+12,1,57,42,BY2N2,7/6/2028,1,,7248
6.2851E+12,1,57,42,BY2N2,7/7/2028,1,,8810
6.2851E+12,1,57,42,BY2N2,7/8/2028,1,,26282
6.2851E+12,1,57,42,BY2N2,7/9/2028,1,,84232
6.2851E+12,1,57,42,BY2N2,7/10/2028,1,,28258
6.2851E+12,1,57,42,BY2N2,7/11/2028,1,,51440
6.2851E+12,1,57,42,BY2N2,7/12/2028,1,,25345
6.2851E+12,1,57,42,BY2N2,7/13/2028,1,,4290
6.2851E+12,1,57,42,BY2N2,7/14/2028,1,,99585
6.2851E+12,1,57,42,BY2N2,7/15/2028,1,,85523
6.2851E+12,1,57,42,BY2N2,7/16/2028,1,,41086
6.2851E+12,1,57,42,BY2N2,7/17/2028,1,,27885
6.2851E+12,1,57,42,BY2N2,7/18/2028,1,,79625
6.2851E+12,1,57,42,BY2N2,7/19/2028,1,,74029
6.2851E+12,1,57,42,BY2N2,7/20/2028,1,,80200
6.2851E+12,1,57,42,BY2N2,7/21/2028,1,,13003
6.2851E+12,1,57,42,BY2N2,7/22/2028,1,,21131
6.2851E+12,1,57,42,BY2N2,7/23/2028,1,,14252
6.2851E+12,1,57,42,BY2N2,7/24/2028,1,,41359
6.2851E+12,1,57,42,BY2N2,7/25/2028,1,,15106
6.2851E+12,1,57,42,BY2N2,7/26/2028,1,,54366
6.2851E+12,1,57,42,BY2N2,7/27/2028,1,,1383
6.2851E+12,1,57,42,BY2N2,7/28/2028,1,,60850
6.2851E+12,1,57,42,BY2N2,7/29/2028,1,,7656
6.2851E+12,1,57,42,BY2N2,7/30/2028,1,,76989
6.2851E+12,1,57,42,BY2N2,7/31/2028,1,,47354
6.2851E+12,1,57,42,BY2N2,8/1/2028,1,,44111
6.2851E+12,1,57,42,BY2N2,8/2/2028,1,,59612
6.2851E+12,1,57,42,BY2N2,8/3/2028,1,,50301
6.2851E+12,1,57,42,BY2N2,8/4/2028,1,,58322
6.2851E+12,1,57,42,BY2N2,8/5/2028,1,,8471
6.2851E+12,1,57,42,BY2N2,8/6/2028,1,,82225
6.2851E+12,1,57,42,BY2N2,8/7/2028,1,,64988
6.2851E+12,1,57,42,BY2N2,8/8/2028,1,,79809
6.2851E+12,1,57,42,BY2N2,8/9/2028,1,,6492
6.2851E+12,1,57,42,BY2N2,8/10/2028,1,,53222
6.2851E+12,1,57,42,BY2N2,8/11/2028,1,,81401
6.2851E+12,1,57,42,BY2N2,8/12/2028,1,,19697
6.2851E+12,1,57,42,BY2N2,8/13/2028,1,,6576
6.2851E+12,1,57,42,BY2N2,8/14/2028,1,,10684
6.2851E+12,1,57,42,BY2N2,8/15/2028,1,,11253
6.2851E+12,1,57,42,BY2N2,8/16/2028,1,,84245
6.2851E+12,1,57,42,BY2N2,8/17/2028,1,,62049
6.2851E+12,1,57,42,BY2N2,8/18/2028,1,,39169
6.2851E+12,1,57,42,BY2N2,8/19/2028,1,,5968
6.2851E+12,1,57,42,BY2N2,8/20/2028,1,,25074
6.2851E+12,1,57,42,BY2N2,8/21/2028,1,,46215
6.2851E+12,1,57,42,BY2N2,8/22/2028,1,,98113
6.2851E+12,1,57,42,BY2N2,8/23/2028,1,,17761
6.2851E+12,1,57,42,BY2N2,8/24/2028,1,,66115
6.2851E+12,1,57,42,BY2N2,8/25/2028,1,,95270
6.2851E+12,1,57,42,BY2N2,8/26/2028,1,,31846
6.2851E+12,1,57,42,BY2N2,8/27/2028,1,,47435
6.2851E+12,1,57,42,BY2N2,8/28/2028,1,,97684
6.2851E+12,1,57,42,BY2N2,8/29/2028,1,,55993
6.2851E+12,1,57,42,BY2N2,8/30/2028,1,,71429
6.2851E+12,1,57,42,BY2N2,8/31/2028,1,,81110
6.2851E+12,1,57,42,BY2N2,9/1/2028,1,,90538
6.2851E+12,1,57,42,BY2N2,9/2/2028,1,,6315
6.2851E+12,1,57,42,BY2N2,9/3/2028,1,,43579
6.2851E+12,1,57,42,BY2N2,9/4/2028,1,,26291
6.2851E+12,1,57,42,BY2N2,9/5/2028,1,,12994
6.2851E+12,1,57,42,BY2N2,9/6/2028,1,,50711
6.2851E+12,1,57,42,BY2N2,9/7/2028,1,,77247
6.2851E+12,1,57,42,BY2N2,9/8/2028,1,,64188
6.2851E+12,1,57,42,BY2N2,9/9/2028,1,,3118
6.2851E+12,1,57,42,BY2N2,9/10/2028,1,,48909
6.2851E+12,1,57,42,BY2N2,9/11/2028,1,,13918
6.2851E+12,1,57,42,BY2N2,9/12/2028,1,,23440
6.2851E+12,1,57,42,BY2N2,9/13/2028,1,,4741
6.2851E+12,1,57,42,BY2N2,9/14/2028,1,,2014
6.2851E+12,1,57,42,BY2N2,9/15/2028,1,,60869
6.2851E+12,1,57,42,BY2N2,9/16/2028,1,,53258
6.2851E+12,1,57,42,BY2N2,9/17/2028,1,,56291
6.2851E+12,1,57,42,BY2N2,9/18/2028,1,,49705
6.2851E+12,1,57,42,BY2N2,9/19/2028,1,,58612
6.2851E+12,1,57,42,BY2N2,9/20/2028,1,,4050
6.2851E+12,1,57,42,BY2N2,9/21/2028,1,,24221
6.2851E+12,1,57,42,BY2N2,9/22/2028,1,,243
6.2851E+12,1,57,42,BY2N2,9/23/2028,1,,60405
6.2851E+12,1,57,42,BY2N2,9/24/2028,1,,12561
6.2851E+12,1,57,42,BY2N2,9/25/2028,1,,27150
6.2851E+12,1,57,42,BY2N2,9/26/2028,1,,3309
6.2851E+12,1,57,42,BY2N2,9/27/2028,1,,17879
6.2851E+12,1,57,42,BY2N2,9/28/2028,1,,72063
6.2851E+12,1,57,42,BY2N2,9/29/2028,1,,75193
6.2851E+12,1,57,42,BY2N2,9/30/2028,1,,68593
6.2851E+12,1,57,42,BY2N2,10/1/2028,1,,70283
6.2851E+12,1,57,42,BY2N2,10/2/2028,1,,44851
6.2851E+12,1,57,42,BY2N2,10/3/2028,1,,64715
6.2851E+12,1,57,42,BY2N2,10/4/2028,1,,14978
6.2851E+12,1,57,42,BY2N2,10/5/2028,1,,21407
6.2851E+12,1,57,42,BY2N2,10/6/2028,1,,73527
6.2851E+12,1,57,42,BY2N2,10/7/2028,1,,10542
6.2851E+12,1,57,42,BY2N2,10/8/2028,1,,7005
6.2851E+12,1,57,42,BY2N2,10/9/2028,1,,52875
6.2851E+12,1,57,42,BY2N2,10/10/2028,1,,34898
6.2851E+12,1,57,42,BY2N2,10/11/2028,1,,69565
6.2851E+12,1,57,42,BY2N2,10/12/2028,1,,70048
6.2851E+12,1,57,42,BY2N2,10/13/2028,1,,59577
6.2851E+12,1,57,42,BY2N2,10/14/2028,1,,95335
6.2851E+12,1,57,42,BY2N2,10/15/2028,1,,18710
6.2851E+12,1,57,42,BY2N2,10/16/2028,1,,53898
6.2851E+12,1,57,42,BY2N2,10/17/2028,1,,12616
6.28803E+12,2,57,42,ENY3EJ,10/18/2028,1,,72604
6.28803E+12,2,57,42,EFE3SZ,10/19/2028,1,,72604
6.28803E+12,2,57,42,EPCKZX,10/20/2028,1,,72604
6.2851E+12,2,5.8,4.8,V94W2,10/21/2028,1,,27300
6.2851E+12,2,5.8,4.8,V94W2,10/22/2028,1,,75729
6.2851E+12,2,57,42,7X8A2,10/23/2028,1,,19997
6.2851E+12,2,57,42,7X8A2,10/24/2028,1,,15183
6.2851E+12,2,57,42,7X8A2,10/25/2028,1,,18873
6.2851E+12,2,57,42,7X8A2,10/26/2028,1,,87002
6.2851E+12,2,57,42,7X8A2,10/27/2028,1,,47104
6.2851E+12,2,57,42,BY2N2,10/28/2028,1,,60187
6.2851E+12,2,57,42,BY2N2,10/29/2028,1,,1301
6.2851E+12,2,57,42,BY2N2,10/30/2028,1,,44653
6.2851E+12,2,57,42,BY2N2,10/31/2028,1,,37892
