Item No.,Item name,Patch No.,Ascon code,EXPIRY DATE,Qty,Sales Price,Total Sales Price,Purchase Price,Total Purchase Price,Cost Price ,Tptal Cost Price,vat,Vat value,totak
121018617,Pigeon Training Teether Step One 4+months,1,456202,10/22/1932,2,39.00,78.00,31.50,63,31.50,63.00,0.15,9.45,72.45
111001822,Pigmanorm Cream 30g,24DD79,547560,10/31/2026,3,63.10,189.30,52.59,157.77,52.59,157.77,0,0.00,157.77
151000751,Pigon Bottle - Nipple Brush 550,1,547423,12/1/1999,3,22.00,66.00,13.50,40.5,13.50,40.50,0.15,6.08,46.58
151000754,Pigon Breast Pad 12 pcs Box,1,534951,12/1/1999,2,18.00,36.00,12.15,24.3,12.15,24.30,0.15,3.65,27.95
151000755,Pigon Breast Pad (36 Pes/Box),1,534952,12/1/1999,3,45.00,135.00,28.58,85.74,28.58,85.74,0.15,12.86,98.60
121015925,Pigon Cooling Teether (Carrot),1,456190,1/31/2025,1,16.00,16.00,10.45,10.45,10.45,10.45,0.15,1.57,12.02
151000762,Pigon Cooling Teether (Circle),1,547424,1/30/2027,3,16.00,48.00,9.90,29.7,9.90,29.70,0.15,4.46,34.16
121008238,Pigon Cooling Teether (Duck),?,449882,12/1/1999,2,16.00,32.00,15.00,30,9.75,19.50,0.15,2.93,22.43
121008238,Pigon Cooling Teether (Duck),1,534954,12/1/1999,3,16.00,48.00,9.90,29.7,9.90,29.70,0.15,4.46,34.16
121008238,Pigon Cooling Teether (Duck),1,467075,12/1/1999,1,16.00,16.00,10.45,10.45,10.45,10.45,0.15,1.57,12.02
151000763,Pigon Cooling Teether (Flower),1,534955,12/1/1999,3,16.00,48.00,9.90,29.7,9.90,29.70,0.15,4.46,34.16
151000772,Pigon Cotton Swabs 100pcs Hngd Case N98,1,514392,1/1/1932,2,15.00,30.00,9.45,18.9,9.45,18.90,0.15,2.84,21.74
151000779,Pigon Gls Juice Fdr (50cc/2 New d308,1,534048,12/1/1999,2,34.00,68.00,22.50,45,22.50,45.00,0.15,6.75,51.75
151000780,Pigon Gls Nrsr k 4(120cc/4 oz )292,1,501535,12/1/1999,3,34.00,102.00,21.25,63.75,21.25,63.75,0.15,9.56,73.31
151000781,Pigon Gls Nrsr k 6  291 (200cc/6 oz),?,450346,12/1/1999,2,38.00,76.00,38.00,76,24.70,49.40,0.15,7.41,56.81
151000781,Pigon Gls Nrsr k 6  291 (200cc/6 oz),1,500513,12/1/1999,5,38.00,190.00,23.34,116.7,23.34,116.70,0.15,17.51,134.21
151000781,Pigon Gls Nrsr k 6  291 (200cc/6 oz),1,486054,12/31/1932,3,38.00,114.00,23.34,70.02,23.34,70.02,0.15,10.50,80.52
151000783,Pigon Gls Nrsr kp 8 (240cc /8 o z) 226 W/HdL,?,450344,12/1/1999,4,42.00,168.00,40.00,160,26.00,104.00,0.15,15.60,119.60
151000783,Pigon Gls Nrsr kp 8 (240cc /8 o z) 226 W/HdL,1,512919,1/31/1932,2,42.00,84.00,28.76,57.52,28.76,57.52,0.15,8.63,66.15
151000783,Pigon Gls Nrsr kp 8 (240cc /8 o z) 226 W/HdL,1,467082,12/1/1999,4,42.00,168.00,30.35,121.4,30.35,121.40,0.15,18.21,139.61
151000783,Pigon Gls Nrsr kp 8 (240cc /8 o z) 226 W/HdL,1,486055,12/31/1932,4,42.00,168.00,28.76,115.04,28.76,115.04,0.15,17.26,132.30
151000789,Pigon Nose Cleaner Suction Syringe New,1,534049,12/1/1999,1,28.00,28.00,18.90,18.9,18.90,18.90,0.15,2.84,21.74
121018731,Pigon Offer Plastic Bottle 240ml + nipple box,1,534988,12/1/1999,3,30.00,90.00,16.67,50.01,16.67,50.01,0.15,7.50,57.51
121018733,Pigon Pacifier Mini Light 1pcs 6m,1,534989,12/1/1999,6,23.00,138.00,14.40,86.4,14.40,86.40,0.15,12.96,99.36
121018732,Pigon Pacifier Mini Light 2pcs 6m+,1,482287,8/23/1932,2,30.00,60.00,24.30,48.6,24.30,48.60,0.15,7.29,55.89
121018732,Pigon Pacifier Mini Light 2pcs 6m+,1,547425,12/1/1999,3,30.00,90.00,24.30,72.9,24.30,72.90,0.15,10.94,83.84
121018732,Pigon Pacifier Mini Light 2pcs 6m+,1,512929,3/1/1932,2,30.00,60.00,24.30,48.6,24.30,48.60,0.15,7.29,55.89
121012946,Pigon Peristaltic Plus Silicone Nipple (L) 2pc/Bl Card,1,449832,8/23/1932,1,28.00,28.00,18.28,18.28,18.28,18.28,0.15,2.74,21.02
121012945,Pigon Peristaltic Plus Silicone Nipple (M) 2pc/Bl Card,1,427952,12/1/1999,1,27.00,27.00,20.40,20.4,20.40,20.40,0.15,3.06,23.46
121009633,Pigon Pl Nurser (Bpa Free) Slim Neck 12,1,269778,12/1/1999,1,30.00,30.00,21.00,21,20.00,20.00,0.15,3.00,23.00
121010822,Pigon Pl Nurser (Bpa Free) Wide Neck 160ml,1,269780,12/1/1999,1,36.00,36.00,25.00,25,24.51,24.51,0.15,3.68,28.19
151000801,Pigon Plstc Nrsr Kp 6 891(200cc/6 oz),1,501542,12/1/1999,3,26.00,78.00,16.42,49.26,16.42,49.26,0.15,7.39,56.65
151000802,Pigon PLSTC NRSR KP 8 N 96 240ml (old#a881),1,500514,12/1/1999,3,28.00,84.00,16.67,50.01,16.67,50.01,0.15,7.50,57.51
151000803,Pigon Pltc Juice Fdr 50cc/2 New D348,1,512916,12/31/1932,3,18.00,54.00,12.15,36.45,12.15,36.45,0.15,5.47,41.92
151000804,Pigon Pltc Ncr kp8 (240) w/Hdl 0#a865,1,500515,12/1/1999,5,32.00,160.00,20.58,102.9,20.58,102.90,0.15,15.44,118.34
151000805,Pigon Powder Milk Container 208 (C212)Col,1,512921,12/3/1932,1,30.00,30.00,20.00,20,20.00,20.00,0.15,3.00,23.00
151000831,Pigon Salicone Pacifier 890 S-2 (Bear),1,534051,12/1/1999,1,23.00,23.00,14.40,14.4,14.40,14.40,0.15,2.16,16.56
151000832,Pigon Salicone Pacifier 891 S-2 (Elephant),1,500516,12/1/1999,3,23.00,69.00,14.40,43.2,14.40,43.20,0.15,6.48,49.68
151000833,Pigon Silicone Nipple 765 (S)3pcs/Box,1,528756,1/1/1930,2,22.00,44.00,14.83,29.66,14.83,29.66,0.15,4.45,34.11
151000834,Pigon Silicone Nipple 766 (M) 3pcs /box,1,516067,1/31/1933,4,22.00,88.00,14.83,59.32,14.83,59.32,0.15,8.90,68.22
151000835,Pigon Silicone Nipple 767 (L) 3pcs/box,1,501552,12/1/1999,5,22.00,110.00,14.83,74.15,14.83,74.15,0.15,11.12,85.27
151000836,Pigon Silicone Nipple Boxed (L)764,1,501548,12/1/1999,12,8.00,96.00,5.50,66,5.50,66.00,0.15,9.90,75.90
151000837,Pigon Silicone Nipple Boxed (m),1,528759,1/1/1930,6,8.00,48.00,5.50,33,5.50,33.00,0.15,4.95,37.95
151000837,Pigon Silicone Nipple Boxed (m),1,486056,12/31/1932,1,8.00,8.00,5.50,5.5,5.50,5.50,0.15,0.83,6.33
151000838,Pigon Silicone Nipple Boxed (s),1,524497,5/1/1930,5,8.00,40.00,5.50,27.5,5.50,27.50,0.15,4.13,31.63
151000838,Pigon Silicone Nipple Boxed (s),?,450366,12/1/1999,2,9.00,18.00,9.00,18,5.85,11.70,0.15,1.76,13.46
141000293,Pigon Silicone Nipple (L)2pcs/Card,1,512936,1/31/1932,1,16.00,16.00,10.41,10.41,10.41,10.41,0.15,1.56,11.97
151000840,Pigon Silicone Nipple (m) 3pcs /Card,1,512938,1/31/1932,1,22.00,22.00,14.83,14.83,14.83,14.83,0.15,2.22,17.05
151000841,Pigon Silicone Nipple (m)2pcs/Card,1,528755,12/31/1932,3,16.00,48.00,10.41,31.23,10.41,31.23,0.15,4.68,35.91
151000843,Pigon Silicone Nipple (s)3pcs /Card,1,510822,1/1/2029,2,22.00,44.00,14.83,29.66,14.83,29.66,0.15,4.45,34.11
151000844,Pigon Silicone Nipple(L) 2pcs/Card,1,500518,12/1/1999,3,16.00,48.00,10.41,31.23,10.41,31.23,0.15,4.68,35.91
121012948,Pigon SN RPP Decorated Bottle 120ml (Animal),1,299231,12/1/1999,2,24.00,48.00,18.00,36,15.79,31.57,0.15,4.74,36.31
121012948,Pigon SN RPP Decorated Bottle 120ml (Animal),1,472748,12/1/1999,1,24.00,24.00,17.10,17.1,17.10,17.10,0.15,2.57,19.67
121012950,Pigon SN RPP Decorated Bottle 120ml (Fruit),1,515967,1/31/1932,2,24.00,48.00,16.20,32.4,16.20,32.40,0.15,4.86,37.26
121012950,Pigon SN RPP Decorated Bottle 120ml (Fruit),1,299233,12/1/1999,1,24.00,24.00,18.00,18,15.60,15.60,0.15,2.34,17.94
121012950,Pigon SN RPP Decorated Bottle 120ml (Fruit),1,472749,12/1/1999,1,24.00,24.00,17.10,17.1,17.10,17.10,0.15,2.57,19.67
151000856,Pigon Weaning Bottel W/Spoon 240ml,1,515970,1/1/2029,1,25.00,25.00,15.83,15.83,15.83,15.83,0.15,2.37,18.20
121006627,PILL BOX 06,1,447836,12/1/1999,1,15.00,15.00,15.00,15,9.75,9.75,0.15,1.46,11.21
121009771,Pill Cutter Compact BNPC20,1,447833,12/1/1999,3,15.00,45.00,13.00,39,8.45,25.35,0.15,3.80,29.15
121003718,Plaster Capsicum-Green,1,422426,12/1/1999,38,3.00,114.00,1.45,55.1,1.45,55.10,0,0.00,55.10
121003719,Plaster Capsicum-m Red,1,520220,12/1/1999,40,3.00,120.00,1.30,52,1.30,52.00,0,0.00,52.00
151000858,Plastic Syring 10 ml cc,1,465621,12/1/1999,77,1.50,115.50,0.23,17.71,0.23,17.71,0,0.00,17.71
151000859,Plastic Syring 1ml 29x1.5,1,544946,2/1/2027,90,1.00,90.00,0.17,15.3,0.17,15.30,0,0.00,15.30
111001827,Plavix 75mg 28tab,4KA0009,546209,9/30/2026,1,248.15,248.15,248.15,248.15,225.59,225.59,0,0.00,225.59
111003833,Plerus Plus Syrup100ml,XT0062,532087,1/30/2026,35,39.95,1398.25,8.00,280,8.00,280.00,0,0.00,280.00
111003833,Plerus Plus Syrup100ml,wt173,544478,4/30/2025,20,39.95,799.00,7.99,159.8,7.99,159.80,0,0.00,159.80
111003833,Plerus Plus Syrup100ml,wt173,510817,4/4/2025,5,39.95,199.75,39.95,199.75,9.50,47.50,0,0.00,47.50
121017488,Ponds Age Miracle BB Cream Beige 25gm,1,456348,1/31/2025,3,52.00,156.00,35.88,107.64,35.88,107.64,0.15,16.15,123.79
121007193,Ponds Age Miracle Day Cream 50g 206145,1,547193,12/29/2026,2,68.00,136.00,51.52,103.04,51.52,103.04,0.15,15.46,118.50
121005335,Ponds Age Miracle Foam 100g,1,500731,6/30/2025,4,30.00,120.00,22.41,89.64,22.41,89.64,0.15,13.45,103.09
121019649,Ponds Face Wash Aloe Vera 100gm,1,500733,6/1/2025,2,28.00,56.00,19.58,39.16,19.58,39.16,0.15,5.87,45.03
121011691,Ponds Facial Foam Clear Solutions 100ml,1,548145,5/14/2026,2,27.00,54.00,18.45,36.9,18.45,36.90,0.15,5.54,42.44
121019194,Ponds Flawless Radiance Moist Night Cream Spf 30 50gm,1,548146,8/6/2026,2,61.00,122.00,44.14,88.28,44.14,88.28,0.15,13.24,101.52
121003731,Ponds Powder(Dream Flower)400g,1,500678,1/31/2026,2,15.00,30.00,8.50,17,8.50,17.00,0.15,2.55,19.55
111002951,Postinor 2 Tab,T32458,539991,7/29/2028,2,38.55,77.10,32.13,64.26,32.13,64.26,0,0.00,64.26
111002951,Postinor 2 Tab,t34197,522631,4/30/2028,1,38.55,38.55,38.55,38.55,32.13,32.13,0,0.00,32.13
111003868,Povidone Iodine Antisept Solution 240ml,1,530360,6/30/2026,1,28.00,28.00,14.00,14,14.00,14.00,0,0.00,14.00
111001844,Pred Fort Eye Drops,405085,528986,11/30/2025,3,16.05,48.15,13.38,40.14,13.38,40.14,0,0.00,40.14
111001844,Pred Fort Eye Drops,405085,526750,11/30/2025,3,16.05,48.15,16.05,48.15,13.38,40.13,0,0.00,40.13
111001845,Prednisolone 5mg 30tab,537714,516596,6/30/2025,1,17.10,17.10,17.10,17.1,14.25,14.25,0,0.00,14.25
111001845,Prednisolone 5mg 30tab,539279,540609,8/31/2025,2,17.10,34.20,17.10,34.2,14.25,28.50,0,0.00,28.50
111003844,Predo 25Mg 30Tab,5981,510953,4/25/2025,1,41.00,41.00,41.00,41,29.04,29.04,0,0.00,29.04
111003844,Predo 25Mg 30Tab,6943,538349,12/3/2025,1,41.00,41.00,41.00,41,30.75,30.75,0,0.00,30.75
111003844,Predo 25Mg 30Tab,7262,540004,2/1/2026,1,41.00,41.00,28.48,28.48,28.48,28.48,0,0.00,28.48
121011340,Pregnacare 30Cap,PRS2401T,536362,12/1/2025,2,20.40,40.80,20.40,40.8,17.00,34.00,0,0.00,34.00
121011340,Pregnacare 30Cap,PRS2324T,532508,5/1/2025,2,20.40,40.80,20.40,40.8,17.00,34.00,0,0.00,34.00
121011340,Pregnacare 30Cap,PRS2320T,513733,4/1/2025,2,20.40,40.80,20.40,40.8,17.00,34.00,0,0.00,34.00
121011340,Pregnacare 30Cap,prs2310t,510954,3/1/2025,1,20.40,20.40,20.40,20.4,16.15,16.15,0,0.00,16.15
121003740,Pregnancy  Test  (Side),1,476790,12/1/1999,18,10.00,180.00,2.90,52.2,2.90,52.20,0,0.00,52.20
121003740,Pregnancy  Test  (Side),1,534060,12/1/1999,1,10.00,10.00,2.60,2.6,2.60,2.60,0,0.00,2.60
121003741,Pregnancy Test ( Pen ),1,505423,8/1/2026,2,20.00,40.00,5.80,11.6,5.80,11.60,0,0.00,11.60
121003741,Pregnancy Test ( Pen ),1,483966,12/1/1999,9,20.00,180.00,5.80,52.2,5.80,52.20,0,0.00,52.20
121019784,Presense Easy R003,W00130415,513734,10/1/2025,2,24.00,48.00,24.00,48,10.00,20.00,0,0.00,20.00
151001313,Prila Cream 5 GM,1014086,545658,10/20/2027,1,55.00,55.00,55.00,55,27.04,27.04,0,0.00,27.04
111003938,Prima D3 10000 Softgel Caps,BC0224,540981,3/1/2026,3,19.25,57.75,19.25,57.75,13.48,40.43,0,0.00,40.43
131000701,Primalac Ultima No 1 900gm,1,510606,2/2/2025,1,91.00,91.00,80.00,80,80.00,80.00,0.15,12.00,92.00
131000701,Primalac Ultima No 1 900gm,1,545250,10/10/2026,3,91.00,273.00,73.25,219.75,73.25,219.75,0.15,32.96,252.71
131000709,Primalac Ultima No 1400gm,1,529319,10/10/2026,4,43.00,172.00,37.90,151.6,37.90,151.60,0.15,22.74,174.34
131000709,Primalac Ultima No 1400gm,1,510605,9/9/2024,1,43.00,43.00,37.90,37.9,37.90,37.90,0.15,5.69,43.59
131000702,Primalac Ultima No 2 400gm,1,545249,10/10/2026,2,43.00,86.00,37.90,75.8,37.90,75.80,0.15,11.37,87.17
131000702,Primalac Ultima No 2 400gm,1,510579,2/28/2025,1,43.00,43.00,36.55,36.55,36.55,36.55,0.15,5.48,42.03
131000702,Primalac Ultima No 2 400gm,1,527232,2/1/2025,4,43.00,172.00,36.55,146.2,36.55,146.20,0.15,21.93,168.13
131000692,Primalac Ultima No 2 900gm,1,505516,4/14/2025,2,91.00,182.00,70.00,140,70.00,140.00,0.15,21.00,161.00
131000705,Primalac Ultima No3 400gm,1,527233,2/1/2025,3,43.00,129.00,36.55,109.65,36.55,109.65,0.15,16.45,126.10
131000707,Primalac Ultima No.3 900gm,1,524157,7/1/2025,1,89.00,89.00,75.65,75.65,75.65,75.65,0.15,11.35,87.00
111001857,Primolut- N 5mg 30tab,WEX45X,546210,12/31/2027,8,18.40,147.20,18.40,147.2,15.33,122.68,0,0.00,122.68
121006811,Princess Chamsy Hair Spray 337ml,655555,534084,6/1/2029,3,18.00,54.00,9.50,28.5,9.50,28.50,0.15,4.28,32.78
121006811,Princess Chamsy Hair Spray 337ml,665,533919,6/1/2029,3,18.00,54.00,9.50,28.5,9.50,28.50,0.15,4.28,32.78
121006812,Princess Chamsy Hair Spray Sumall,1,534082,6/1/2029,9,10.00,90.00,5.00,45,5.00,45.00,0.15,6.75,51.75
121006812,Princess Chamsy Hair Spray Sumall,6565,534083,8/31/2027,5,10.00,50.00,5.00,25,5.00,25.00,0.15,3.75,28.75
111003158,Pristiq 50mg 30Tab,8169030,535706,4/30/2026,2,78.50,157.00,78.50,157,68.26,136.53,0,0.00,136.53
121014653,Private Maxi Pocket Night 24x6 l306,1,432767,12/1/1999,7,18.00,126.00,14.83,103.83,14.83,103.83,0.15,15.57,119.40
143000177,Private Maxi Pocket Night 8x12 L305,1,435628,12/1/1999,12,7.00,84.00,5.58,67,5.58,67.00,0.15,10.05,77.05
143000150,Private Maxi Pocket Normal 6x30 L302,1,432808,12/1/1999,8,18.00,144.00,14.83,118.67,14.83,118.67,0.15,17.80,136.47
143000315,Private Maxi Pocket Super 6x50,1,432869,12/1/1999,6,24.00,144.00,20.17,121,20.17,121.00,0.15,18.15,139.15
143000158,Private Maxi Pocket Super 9x12 L303,1,504389,12/1/1999,7,7.00,49.00,5.58,39.06,5.58,39.06,0.15,5.86,44.92
143000339,Private Maxi Wf Night 6x48,1,432868,12/1/1999,7,29.00,203.00,23.83,166.83,23.83,166.83,0.15,25.02,191.85
143000132,Private Regular Thin 12x18 Pads,1,439012,12/1/1999,6,17.00,102.00,13.75,82.5,13.75,82.50,0.15,12.38,94.88
143000153,Private Thin Normal Eco 18x12,1,432713,12/1/1999,1,16.00,16.00,13.33,13.33,13.33,13.33,0.15,2.00,15.33
143000153,Private Thin Normal Eco 18x12,1,432866,12/1/1999,13,17.00,221.00,13.75,178.75,13.75,178.75,0.15,26.81,205.56
143000230,Private Ultra Missteen 20x9 L408,1,435548,12/1/1999,12,17.00,204.00,13.78,165.33,13.78,165.33,0.15,24.80,190.13
143000231,Private Ultra Night 14x9 L406,1,432867,12/1/1999,13,17.00,221.00,13.78,179.11,13.78,179.11,0.15,26.87,205.98
143000227,Private Ultra Super 16x12 L404,1,474848,12/1/1999,3,17.00,51.00,13.75,41.25,13.75,41.25,0.15,6.19,47.44
111001866,Procto - Glyvenol Cream 30 g,YA9R,536752,1/31/2026,3,20.25,60.75,20.25,60.75,16.88,50.63,0,0.00,50.63
111001869,Prof  Oral Susp.,4PC158D,545638,3/27/2027,7,7.20,50.40,7.20,50.4,5.22,36.54,0,0.00,36.54
111001869,Prof  Oral Susp.,4PC151D,540630,3/21/2027,8,7.20,57.60,7.20,57.6,5.22,41.76,0,0.00,41.76
111001869,Prof  Oral Susp.,4pc150d,528990,1/17/2027,1,7.20,7.20,5.22,5.22,5.22,5.22,0,0.00,5.22
111001870,Prof 400 mg / 30 tab,4LQ546,546211,6/5/2027,3,13.60,40.80,13.60,40.8,9.07,27.20,0,0.00,27.20
111001871,Prof 600mg / 30 tabs,4LR341,540101,2/1/2027,1,15.65,15.65,10.17,10.17,10.17,10.17,0,0.00,10.17
111003513,Prof cold &flu 20cap,4MT109,545801,2/1/2027,2,12.45,24.90,12.45,24.9,8.30,16.60,0,0.00,16.60
111003513,Prof cold &flu 20cap,3MT094,518255,10/1/2026,1,12.45,12.45,12.45,12.45,8.30,8.30,0,0.00,8.30
121019017,Professional  Massage Loofa 4526,1,539509,3/10/1934,6,10.00,60.00,5.50,33,5.50,33.00,0.15,4.95,37.95
121019020,Professional  Wood Hair Brush 2886,1,461620,8/1/1931,2,10.43,20.86,6.68,13.36,6.68,13.36,0.15,2.00,15.36
121019013,Professional Bath Ball Loofa 4556,1,548158,1/1/2027,5,10.00,50.00,3.94,19.7,3.94,19.70,0.15,2.96,22.66
121019014,Professional Bath Ball Loofa 4557,1,529128,3/10/1934,6,7.00,42.00,3.50,21,3.50,21.00,0.15,3.15,24.15
121019450,Professional Bath Loofa 4545,1,548159,3/10/1934,6,18.00,108.00,10.41,62.46,10.41,62.46,0.15,9.37,71.83
121020623,Professional Black Loofa 4553,1,548160,3/10/1934,5,20.00,100.00,11.25,56.25,11.25,56.25,0.15,8.44,64.69
121019451,Professional Black Loofa 4558,1,525140,12/31/1932,6,16.00,96.00,7.59,45.54,7.59,45.54,0.15,6.83,52.37
121019452,Professional Black Masage Loofa 4507,1,548161,12/31/1932,6,16.00,96.00,7.31,43.86,7.31,43.86,0.15,6.58,50.44
121019453,Professional Black Masage Loofa 4539,1,539027,3/10/1934,6,16.00,96.00,7.31,43.86,7.31,43.86,0.15,6.58,50.44
121018270,Professional Comb 101c,1,515707,3/10/1934,6,10.00,60.00,4.50,27,4.50,27.00,0.15,4.05,31.05
121020480,Professional Female Razors 2914,1,548162,12/31/1933,6,12.00,72.00,5.50,33,5.50,33.00,0.15,4.95,37.95
121020480,Professional Female Razors 2914,1,515708,12/31/1933,1,12.00,12.00,5.06,5.06,5.06,5.06,0.15,0.76,5.82
121022258,Professional Glove Massage Loofa 4524,1,548163,3/10/1934,6,10.00,60.00,4.00,24,4.00,24.00,0.15,3.60,27.60
121019016,Professional Glove Massage Loofa 4525,1,548164,12/31/1933,6,8.00,48.00,3.88,23.28,3.88,23.28,0.15,3.49,26.77
121019615,Professional Hair Caps 4772,1,461633,1/1/1931,3,12.00,36.00,7.68,23.04,7.68,23.04,0.15,3.46,26.50
121018273,Professional Hair Color Brush Black 3107,1,467105,6/6/1932,1,8.00,8.00,2.25,2.25,2.25,2.25,0.15,0.34,2.59
121018274,Professional Hair Color Brush Small 3106,1,461623,8/1/1931,1,5.50,5.50,3.52,3.52,3.52,3.52,0.15,0.53,4.05
121007276,Professional Hair Scissors 18 Cm 3369,1,513372,2/26/1934,1,20.00,20.00,11.07,11.07,11.07,11.07,0.15,1.66,12.73
121019650,Professional Massage Loofa 4504,1,539508,12/31/1932,3,17.00,51.00,9.00,27,9.00,27.00,0.15,4.05,31.05
121019664,Professional Natura Massage Loofa 4531,1,548165,12/31/1933,6,19.00,114.00,12.38,74.28,12.38,74.28,0.15,11.14,85.42
121019665,Professional Natura Massage Loofa 4532,1,525141,3/10/1934,6,18.00,108.00,10.97,65.82,10.97,65.82,0.15,9.87,75.69
121020562,Professional Wood Comb 2884,1,461616,8/1/1931,2,8.00,16.00,5.12,10.24,5.12,10.24,0.15,1.54,11.78
121020563,Professional Wood Comb 2885,1,463096,12/14/1932,1,10.00,10.00,4.68,4.68,4.68,4.68,0.15,0.70,5.38
111001874,Profinal Syrup,2100,546212,6/14/2026,16,7.90,126.40,7.90,126.4,5.53,88.49,0,0.00,88.49
111001874,Profinal Syrup,1160,536760,9/6/2026,1,7.90,7.90,7.90,7.9,5.49,5.49,0,0.00,5.49
131000565,Progress Gold 1600g,1,539668,10/10/2025,1,155.47,155.47,148.25,148.25,148.25,148.25,0.15,22.24,170.49
131000565,Progress Gold 1600g,1,525344,10/10/2026,2,155.47,310.94,148.25,296.5,148.25,296.50,0.15,44.48,340.98
131000224,Progress Gold Powder 400×24,1,524135,3/1/2026,4,40.00,160.00,37.30,149.2,37.30,149.20,0.15,22.38,171.58
131000224,Progress Gold Powder 400×24,1,548556,7/1/2026,6,40.00,240.00,36.91,221.46,36.91,221.46,0.15,33.22,254.68
131000225,Progress Gold Powder 900×6,1,548511,7/1/2026,3,74.00,222.00,69.91,209.73,69.91,209.73,0.15,31.46,241.19
131000225,Progress Gold Powder 900×6,1,517929,11/1/2025,1,74.00,74.00,70.65,70.65,70.65,70.65,0.15,10.60,81.25
131000225,Progress Gold Powder 900×6,1,532109,3/1/2026,1,74.00,74.00,70.65,70.65,70.65,70.65,0.15,10.60,81.25
121019843,Promax Wax Softmmer,1,448978,12/1/1999,1,50.00,50.00,50.00,50,32.50,32.50,0.15,4.88,37.38
131000614,Promil Gold 1600g,1,539667,12/12/2025,1,172.00,172.00,164.00,164,164.00,164.00,0.15,24.60,188.60
131000614,Promil Gold 1600g,1,536829,10/10/2026,1,172.00,172.00,164.00,164,164.00,164.00,0.15,24.60,188.60
131000228,Promil Gold 400 ×24,1,520021,11/1/2025,2,43.07,86.14,41.55,83.1,41.55,83.10,0.15,12.47,95.57
131000228,Promil Gold 400 ×24,1,545400,10/1/2026,6,43.07,258.42,40.92,245.52,40.92,245.52,0.15,36.83,282.35
131000228,Promil Gold 400 ×24,1,545247,10/10/2026,5,43.07,215.35,40.90,204.5,40.90,204.50,0.15,30.68,235.18
131000229,Promil Gold 900× 6,1,540442,5/5/2026,3,84.00,252.00,77.50,232.5,77.50,232.50,0.15,34.88,267.38
131000229,Promil Gold 900× 6,1,527237,11/28/2025,1,84.00,84.00,78.33,78.33,78.33,78.33,0.15,11.75,90.08
111001888,Propolsaft Syrup,k8447,503969,7/1/2025,2,49.00,98.00,49.00,98,35.53,71.06,0,0.00,71.06
111001888,Propolsaft Syrup,K8447,512668,7/1/2025,2,49.00,98.00,49.00,98,35.53,71.06,0,0.00,71.06
111001891,Prospan syrup,23K056A,540614,8/30/2026,1,39.50,39.50,39.50,39.5,25.35,25.35,0,0.00,25.35
111001891,Prospan syrup,23K057A,545639,8/31/2026,4,39.50,158.00,39.50,158,25.35,101.39,0,0.00,101.39
111001896,Protogyn tabs 500mg 4tab,231167,502537,8/1/2026,1,10.45,10.45,10.45,10.45,7.49,7.49,0,0.00,7.49
111002724,Proxen 250mg 20Tap,629v01,541338,8/31/2027,3,26.35,79.05,26.35,79.05,18.30,54.90,0,0.00,54.90
121017693,Pslove Pain Relief Plaster,1,433883,12/1/1999,1,50.00,50.00,29.00,29,29.00,29.00,0,0.00,29.00
111001912,Pulmicort 0.5mg/ml Soln. Bx/20×2ml,PENU,545678,1/31/2026,0.5,134.25,67.13,134.25,67.13,116.74,58.37,0,0.00,58.37
111004795,Pure Zinc 60 Caps,l2840,548434,7/31/2026,3,50.00,150.00,50.00,150,22.50,67.50,0.15,10.13,77.63
121003790,PureSkin Virginity Herbal Soap 135 g,1,496408,8/31/2027,6,11.00,66.00,8.00,48,8.00,48.00,0,0.00,48.00
121003806,Pyary Turmeric Soap 75 g,1,523347,3/31/2027,1,5.00,5.00,2.50,2.5,2.50,2.50,0.15,0.38,2.88
121003806,Pyary Turmeric Soap 75 g,1,535101,5/31/2027,4,5.00,20.00,2.50,10,2.50,10.00,0.15,1.50,11.50
111001924,Pyralvex 10ml paint,23DJ90,546213,12/31/2026,6,15.10,90.60,15.10,90.6,12.58,75.51,0,0.00,75.51
111002599,Queen Royal Jelly 1000mg 30Cap,eb01-0412,538263,9/30/2026,1,198.00,198.00,198.00,198,132.58,132.58,0,0.00,132.58
111003007,Queen Royal Jelly 2000mg,eb01-0444,538264,3/31/2027,1,218.00,218.00,218.00,218,145.97,145.97,0,0.00,145.97
121015826,Q.V Baby Moisturising Cream 100g,412938,506347,9/1/2025,1,62.00,62.00,37.82,37.82,37.82,37.82,0.15,5.67,43.49
121015827,Q.V Baby Moisturising Cream 250g,55101,511157,5/24/2027,1,105.00,105.00,68.88,68.88,68.88,68.88,0.15,10.33,79.21
121015827,Q.V Baby Moisturising Cream 250g,1,533327,8/2/2027,2,110.00,220.00,65.10,130.2,65.10,130.20,0.15,19.53,149.73
121015836,Q.V Baby Skin Lotion 250g,1,456810,2/28/2027,1,55.00,55.00,33.55,33.55,33.55,33.55,0.15,5.03,38.58
121015836,Q.V Baby Skin Lotion 250g,1,456311,7/31/2026,1,55.00,55.00,33.55,33.55,33.55,33.55,0.15,5.03,38.58
121003810,Q.V Bar 100 g,1,533329,5/30/2028,3,39.00,117.00,24.18,72.54,24.18,72.54,0.15,10.88,83.42
121003812,Q.V Cream 250 g,56038,525710,2/28/2026,1,115.00,115.00,115.00,115,77.28,77.28,0.15,11.59,88.87
121003812,Q.V Cream 250 g,1,495060,11/30/2026,1,115.00,115.00,70.15,70.15,70.15,70.15,0.15,10.52,80.67
121015797,Q.V Cream 500gm,1,509070,8/31/2027,1,160.00,160.00,97.60,97.6,97.60,97.60,0.15,14.64,112.24
121017188,Q.V Face Gentle Foaming Cleanser 150ml,55053,511152,5/31/2025,1,95.00,95.00,62.32,62.32,62.32,62.32,0.15,9.35,71.67
121017189,Q.V Face Rescue Gel With Avemide 25gm,54602,511108,3/3/2026,1,110.00,110.00,110.00,110,72.16,72.16,0.15,10.82,82.98
121019970,Q.v Flare Up Wash 150ml,55954,511154,2/7/2026,1,70.00,70.00,45.92,45.92,45.92,45.92,0.15,6.89,52.81
121015823,Q.V Gentle Wash 250ml,55937,511148,2/1/2027,1,76.00,76.00,49.86,49.86,49.86,49.86,0.15,7.48,57.34
121017190,Q.V Intensive Body Moisturiser 100gm,55617,511151,12/12/2027,1,78.00,78.00,51.17,51.17,51.17,51.17,0.15,7.68,58.85
121003818,Q.V Lip Balm 15 g,1,488682,2/28/2028,1,35.00,35.00,22.57,22.57,22.57,22.57,0.15,3.39,25.96
121003818,Q.V Lip Balm 15 g,1,485253,2/20/2028,1,35.00,35.00,22.57,22.57,22.57,22.57,0.15,3.39,25.96
121003819,Q.V Skin Lotion 250 ml,55458,511147,9/20/2027,1,69.00,69.00,45.27,45.27,45.27,45.27,0.15,6.79,52.06
111004056,Radian Massage Cream 40gm,26sa,541340,10/31/2026,2,16.00,32.00,16.00,32,10.26,20.51,0,0.00,20.51
111004651,Rafol 1mg 50 tab,240026,535707,2/28/2026,3,15.30,45.90,15.30,45.9,9.81,29.44,0,0.00,29.44
121003829,Rani Jolie 604 Lashes Glue In Black,1,273511,12/1/1999,5,20.00,100.00,20.00,100,10.00,50.00,0.15,7.50,57.50
121003830,Rani Jolie 605 Lashes Glue In Clear,1,273969,12/1/1999,3,20.00,60.00,20.00,60,10.00,30.00,0.15,4.50,34.50
151000865,Rani Jolie 626 Nail Glue,1,273512,12/1/1999,1,20.00,20.00,20.00,20,10.00,10.00,0.15,1.50,11.50
121003839,Rani Jolie French Manicure Nail Tips 628,1,337808,12/1/1999,2,25.00,50.00,25.00,50,15.00,30.00,0.15,4.50,34.50
121020642,Rani Jolie French Manicure Nail Tips 814,1,464445,12/1/1999,2,32.00,64.00,32.00,64,19.20,38.40,0.15,5.76,44.16
121020644,Rani Jolie French Manicure Nail Tips 816,1,464447,12/1/1999,3,32.00,96.00,32.00,96,19.20,57.60,0.15,8.64,66.24
121020645,Rani Jolie French Manicure Nail Tips 817,1,464448,12/1/1999,3,32.00,96.00,32.00,96,19.20,57.60,0.15,8.64,66.24
121020647,Rani Jolie Quick Shinner Buffer 1133,1,464450,12/1/1999,1,12.00,12.00,12.00,12,7.20,7.20,0.15,1.08,8.28
111001945,Rectacure Cream 30 gm,7041,538265,12/20/2025,1,15.00,15.00,15.00,15,10.00,10.00,0,0.00,10.00
111001945,Rectacure Cream 30 gm,8108,540983,7/17/2026,3,15.00,45.00,15.00,45,10.00,30.00,0,0.00,30.00
121015580,Red Fox Lanoilin Hair Food 8oz 227g,1,447985,9/1/2025,1,25.00,25.00,21.00,21,13.65,13.65,0.15,2.05,15.70
111004418,Redex 20mg 5Tab,24008,536771,1/31/2028,3,63.20,189.60,63.20,189.6,28.47,85.41,0,0.00,85.41
111001953,Regaine 5% Topical Solution 60ml /bottle,4022810,541217,1/31/2026,1,86.35,86.35,86.35,86.35,68.26,68.26,0,0.00,68.26
111003429,Regulon 21 Tab,T35484,546214,5/31/2026,3,10.20,30.60,10.20,30.6,8.50,25.50,0,0.00,25.50
143000154,Relax Maternity 10x20 L500,1,452091,12/1/1999,13,16.34,212.42,12.40,161.2,12.40,161.20,0.15,24.18,185.38
111004236,Relexib 200mg Cap,BC162303A,530350,9/30/2026,1,25.00,25.00,25.00,25,16.03,16.03,0,0.00,16.03
121008334,Reliefrite Ice Bag 6,1,465695,12/1/1999,1,20.00,20.00,14.00,14,14.00,14.00,0,0.00,14.00
111001961,Remox  500 cap,235038,499479,2/1/2026,7,36.35,254.45,36.35,254.45,8.66,60.59,0,0.00,60.59
111001968,Rennie tab  bx/48,N4J750,545644,2/28/2027,3,11.15,33.45,11.15,33.45,9.29,27.88,0,0.00,27.88
111001969,Repaderm Gel 100gm,6435,499480,8/1/2026,1,20.00,20.00,20.00,20,10.67,10.67,0,0.00,10.67
111001969,Repaderm Gel 100gm,7743,538267,5/1/2027,2,20.00,40.00,20.00,40,12.00,24.00,0,0.00,24.00
111001972,Reparil 40 Tab,8178454,546215,1/31/2027,2,20.60,41.20,20.60,41.2,17.17,34.34,0,0.00,34.34
111001972,Reparil 40 Tab,8165473,531249,9/30/2026,2,20.60,41.20,17.17,34.34,17.17,34.34,0,0.00,34.34
111001974,Reparil Gel N 40gm,8169831,547660,7/31/2026,4,18.45,73.80,15.37,61.48,15.37,61.48,0,0.00,61.48
111003778,Respred Syrup 15mg/5ml 120ml,17358,524008,11/1/2025,3,37.80,113.40,37.80,113.4,27.41,82.22,0,0.00,82.22
111003778,Respred Syrup 15mg/5ml 120ml,1,506407,10/30/2025,2,37.80,75.60,37.80,75.6,25.20,50.40,0,0.00,50.40
111003777,Respred Syrup 5mg/5ml 120ml,17407,524009,11/1/2025,2,16.70,33.40,16.70,33.4,12.11,24.22,0,0.00,24.22
111003777,Respred Syrup 5mg/5ml 120ml,1,506406,9/30/2025,2,16.70,33.40,16.70,33.4,11.13,22.27,0,0.00,22.27
111004243,Rewaqol 50 Cap,EB03-0334,526207,5/31/2026,3,79.75,239.25,79.75,239.25,55.83,167.48,0,0.00,167.48
151001757,Rexi Care Hot Cold Large,1,498870,10/10/2025,2,60.00,120.00,35.00,70,35.00,70.00,0.15,10.50,80.50
151001645,Rexi Care Hot Cold Pack xl,1,463780,12/1/1999,1,80.00,80.00,45.00,45,45.00,45.00,0.15,6.75,51.75
121018369,Rexona Deo Aerosol For Men Max Protection 96Hr 150ml,1,469435,11/30/2025,4,27.00,108.00,23.64,94.56,23.64,94.56,0.15,14.18,108.74
121015561,Rexona Deo Spray Antibacterial Protection Women 150ml,1,534122,3/1/2027,1,25.00,25.00,15.26,15.26,15.26,15.26,0.15,2.29,17.55
121015561,Rexona Deo Spray Antibacterial Protection Women 150ml,1,548076,3/22/2027,6,25.00,150.00,15.26,91.56,15.26,91.56,0.15,13.73,105.29
121014330,Rexona Deo Spray Cotton Dry Women 150ml,1,548074,9/10/2027,6,25.00,150.00,15.26,91.56,15.26,91.56,0.15,13.73,105.29
121018285,Rexona Deo Spray For Men Stay Fresh Charcoal Detox 150m,1,516055,12/31/2026,2,27.00,54.00,17.08,34.16,17.08,34.16,0.15,5.12,39.28
121014676,Rexona Deo Spray Invisible Black White Men 150ml,1,500747,5/22/2026,1,25.00,25.00,15.44,15.44,15.44,15.44,0.15,2.32,17.76
121021218,Rexona Deo Spray Invisible Fresh 150ml,1,496721,6/30/2026,1,25.00,25.00,15.82,15.82,15.82,15.82,0.15,2.37,18.19
121021219,Rexona Deo Spray Men Ice Fresh 150ml,1,496722,4/19/2026,1,25.00,25.00,15.82,15.82,15.82,15.82,0.15,2.37,18.19
121021758,Rexona Deo Spray Men Lime Fresh 150ml,1,512567,3/31/2026,3,25.00,75.00,14.69,44.07,14.69,44.07,0.15,6.61,50.68
121014331,Rexona Deo Spray Powder Dry Women 150ml,1,547924,9/11/2027,4,25.00,100.00,15.26,61.04,15.26,61.04,0.15,9.16,70.20
121014329,Rexona Deo Spray Shower Fresh Women 150ml,1,548075,7/27/2027,6,25.00,150.00,15.26,91.56,15.26,91.56,0.15,13.73,105.29
121021262,Rexona Deo Spray Woman Bambo + Aloe 150ml,1,547123,9/10/2027,5,25.00,125.00,15.26,76.3,15.26,76.30,0.15,11.45,87.75
121021262,Rexona Deo Spray Woman Bambo + Aloe 150ml,1,534116,7/31/2026,2,25.00,50.00,15.26,30.52,15.26,30.52,0.15,4.58,35.10
121016272,Rexona Deo Stick Antibacterial Invisible Men 40g,1,510994,12/31/2025,2,18.00,36.00,11.25,22.5,11.25,22.50,0.15,3.38,25.88
121016272,Rexona Deo Stick Antibacterial Invisible Men 40g,1,548071,12/21/2026,5,18.00,90.00,10.25,51.25,10.25,51.25,0.15,7.69,58.94
121016273,Rexona Deo Stick Antibacterial Invisible Women 40g,1,547922,4/14/2026,6,18.00,108.00,12.80,76.8,12.80,76.80,0.15,11.52,88.32
121003894,Rexona Deo Stick Cotton Dry 40g,1,547921,6/24/2026,6,18.00,108.00,12.80,76.8,12.80,76.80,0.15,11.52,88.32
121012190,Rexona Deo Stick Extra Cool Amet 40g,1,510220,9/27/2025,3,18.00,54.00,11.25,33.75,11.25,33.75,0.15,5.06,38.81
121012957,Rexona Deo Stick Men Active Amet 40g 207377,1,516050,6/15/2025,1,18.00,18.00,11.25,11.25,11.25,11.25,0.15,1.69,12.94
121012957,Rexona Deo Stick Men Active Amet 40g 207377,1,548070,12/25/2026,6,18.00,108.00,10.25,61.5,10.25,61.50,0.15,9.23,70.73
121015632,Rexona Deo Stick Powder Dry 40g,1,548068,2/26/2026,6,18.00,108.00,12.80,76.8,12.80,76.80,0.15,11.52,88.32
121015633,Rexona Deo Stick Shower Fresh 40g,1,548069,2/28/2026,6,18.00,108.00,12.80,76.8,12.80,76.80,0.15,11.52,88.32
121012960,Rexona Deo Stick Women Bamboo Amet 40g,1,547128,2/28/2026,6,18.00,108.00,12.80,76.8,12.80,76.80,0.15,11.52,88.32
121012960,Rexona Deo Stick Women Bamboo Amet 40g,1,534118,11/16/2025,3,18.00,54.00,12.80,38.4,12.80,38.40,0.15,5.76,44.16
121016958,Rexona Deo Stick women Workout Hi Impact 40gm,1,516052,12/14/2025,4,18.00,72.00,11.25,45,11.25,45.00,0.15,6.75,51.75
121015878,Rexona Roll On Antibacterial Protection Women 50ml,1,548073,2/1/2027,5,17.00,85.00,10.25,51.25,10.25,51.25,0.15,7.69,58.94
121003898,Rexona Roll On Bamboo 50ml 203620,1,476485,1/1/2025,1,17.00,17.00,10.25,10.25,10.25,10.25,0.15,1.54,11.79
121003898,Rexona Roll On Bamboo 50ml 203620,1,473136,1/31/2025,1,17.00,17.00,10.25,10.25,10.25,10.25,0.15,1.54,11.79
121003898,Rexona Roll On Bamboo 50ml 203620,1,548072,2/19/2027,6,17.00,102.00,10.25,61.5,10.25,61.50,0.15,9.23,70.73
121010994,Rexona Roll On Extra Cool 50ml,1,547132,12/24/2026,3,17.00,51.00,10.25,30.75,10.25,30.75,0.15,4.61,35.36
111003206,Rhinase Aqueous Nasal Spray,1364020,546027,6/1/2026,2,24.70,49.40,24.70,49.4,12.15,24.29,0,0.00,24.29
111001983,Rhinathiol adult syrup,782,540726,12/31/2025,3,11.35,34.05,11.35,34.05,9.46,28.38,0,0.00,28.38
111001984,Rhinathiol paed syp,732,531250,10/31/2026,10,8.70,87.00,7.25,72.5,7.25,72.50,0,0.00,72.50
111001985,Rhinathiol prom syp,539,540480,12/31/2025,3,8.10,24.30,8.10,24.3,6.75,20.25,0,0.00,20.25
111001986,Rhinocort Aqua 64mcg/dose bt/10ml,bt448,503657,4/1/2025,1,50.65,50.65,50.65,50.65,40.94,40.94,0,0.00,40.94
111002940,Riagesic 100 mg Drops,24DA11,538122,2/28/2027,7,7.50,52.50,7.50,52.5,6.25,43.75,0,0.00,43.75
111004322,Riapanta 40 Mg 15 Tab,22DK98,546216,11/30/2025,2,28.50,57.00,28.50,57,14.01,28.03,0,0.00,28.03
111003831,Riapanta 40mg 30 tab,22dk99,490875,11/30/2025,1,50.80,50.80,50.80,50.8,24.98,24.98,0,0.00,24.98
111002009,Riaxine 100ml syrup,23dh37,528998,12/31/2026,5,9.00,45.00,6.30,31.5,6.30,31.50,0,0.00,31.50
111002009,Riaxine 100ml syrup,23DG05,526761,10/31/2026,3,9.00,27.00,9.00,27,6.84,20.52,0,0.00,20.52
111002011,Riazole 500mg 20 Tabs,23der92,541370,9/30/2026,2,13.40,26.80,13.40,26.8,7.98,15.95,0,0.00,15.95
111002011,Riazole 500mg 20 Tabs,23DE91,547661,9/30/2026,3,13.40,40.20,7.98,23.94,7.98,23.94,0,0.00,23.94
111002706,Riazolin 0.1% Eye Drops,23DG58,526762,11/30/2026,1,16.65,16.65,16.65,16.65,11.66,11.66,0,0.00,11.66
111003190,Ridon 2mg 30Tab,3XF171,526763,11/13/2026,1,86.70,86.70,86.70,86.7,75.39,75.39,0,0.00,75.39
111003190,Ridon 2mg 30Tab,4xf179,529000,4/23/2027,1,86.70,86.70,75.39,75.39,75.39,75.39,0,0.00,75.39
111002019,Rinofed  Syrup 100ml,7413,545646,3/22/2027,2,3.85,7.70,3.85,7.7,2.70,5.39,0,0.00,5.39
111002018,Rinofed Exp Syrup 100ml,6863,528912,10/28/2026,7,7.30,51.10,5.11,35.77,5.11,35.77,0,0.00,35.77
111002018,Rinofed Exp Syrup 100ml,6863,520867,10/31/2026,8,7.30,58.40,7.30,58.4,5.55,44.38,0,0.00,44.38
111002020,Rinofed plus susp.,7427,546217,3/20/2027,9,7.65,68.85,7.65,68.85,5.36,48.20,0,0.00,48.20
111002020,Rinofed plus susp.,5952,479304,4/1/2026,3,7.65,22.95,7.65,22.95,4.90,14.71,0,0.00,14.71
111002025,Risek 20mg 14cap,5344,546218,3/19/2027,2,45.95,91.90,45.95,91.9,22.59,45.19,0,0.00,45.19
111002027,Risperdal 1mg Oral Sol. 100ml,nfb2100,514871,5/1/2026,1,170.75,170.75,170.75,170.75,148.48,148.48,0,0.00,148.48
111002028,Risperdal 2mg 20tab,NKL6400A,539859,11/30/2026,2,13.25,26.50,13.25,26.5,11.04,22.09,0,0.00,22.09
111002029,Risperdal 4mg 60 tab,NCL5N00A,547662,2/28/2026,1,64.45,64.45,53.71,53.71,53.71,53.71,0,0.00,53.71
121018153,Rml exaggerate Liquid Eyeliner Black,1,468455,8/1/2025,1,39.14,39.14,13.50,13.5,13.50,13.50,0.15,2.03,15.53
121018151,Rml Scandaleyes Eye liner Wp Kohl Black,1,468454,8/1/2025,2,29.57,59.14,10.50,21,10.50,21.00,0.15,3.15,24.15
111002043,Rofenac 50mg 20Tap,1152040,541131,11/1/2026,2,19.80,39.60,19.80,39.6,11.06,22.11,0,0.00,22.11
111002038,Rofenac Gel 50g,2000800,546219,6/19/2027,4,13.45,53.80,13.45,53.8,7.51,30.04,0,0.00,30.04
111002041,Rofenac supp 25mg rmbp 10 p,1147114,516851,5/1/2025,1,11.15,11.15,11.15,11.15,8.92,8.92,0,0.00,8.92
111002041,Rofenac supp 25mg rmbp 10 p,1147119,541026,5/1/2025,4,12.25,49.00,12.25,49,9.80,39.20,0,0.00,39.20
131000564,Ronagrow - 1700g,1,548540,9/1/2026,2,151.65,303.30,138.31,276.62,138.31,276.62,0.15,41.49,318.11
131000231,Ronagrow - 850 g,1,548520,9/1/2026,3,81.40,244.20,69.19,207.57,69.19,207.57,0.15,31.14,238.71
131000231,Ronagrow - 850 g,1,510586,11/21/2025,2,81.40,162.80,64.47,128.94,64.47,128.94,0.15,19.34,148.28
131000231,Ronagrow - 850 g,1,532112,4/1/2026,1,81.40,81.40,69.19,69.19,69.19,69.19,0.15,10.38,79.57
131000232,Ronagrow 400gm,1,532113,2/1/2026,3,36.10,108.30,32.93,98.79,32.93,98.79,0.15,14.82,113.61
131000232,Ronagrow 400gm,1,510598,9/9/2025,1,36.10,36.10,31.20,31.2,31.20,31.20,0.15,4.68,35.88
131000232,Ronagrow 400gm,1,545243,10/10/2026,3,36.10,108.30,33.70,101.1,33.70,101.10,0.15,15.17,116.27
131000233,Ronalac  AC 400gm,1,524131,3/1/2026,3,46.00,138.00,40.30,120.9,40.30,120.90,0.15,18.14,139.04
131000234,Ronalac - AR 400g,1,477155,3/30/2025,1,46.00,46.00,40.00,40,40.00,40.00,0.15,6.00,46.00
131000234,Ronalac - AR 400g,1,498825,3/3/2025,2,46.00,92.00,40.00,80,40.00,80.00,0.15,12.00,92.00
131000235,Ronalac  LF  400gm,1,532114,4/1/2025,2,46.00,92.00,41.48,82.96,41.48,82.96,0.15,12.44,95.40
131000236,Ronalac  No 1  400gm,1,540429,3/3/2026,4,36.10,144.40,33.70,134.8,33.70,134.80,0.15,20.22,155.02
131000236,Ronalac  No 1  400gm,1,536821,10/10/2026,3,36.10,108.30,33.70,101.1,33.70,101.10,0.15,15.17,116.27
131000237,Ronalac  No 2  400gm,1,548538,1/1/2026,3,36.10,108.30,32.93,98.79,32.93,98.79,0.15,14.82,113.61
131000237,Ronalac  No 2  400gm,1,532116,11/1/2025,1,36.10,36.10,32.93,32.93,32.93,32.93,0.15,4.94,37.87
131000237,Ronalac  No 2  400gm,1,505308,8/1/2026,1,34.35,34.35,34.35,34.35,34.35,34.35,0.15,5.15,39.50
131000317,Ronalac No 2 850g,1,545398,5/1/2026,6,81.40,488.40,69.19,415.14,69.19,415.14,0.15,62.27,477.41
131000317,Ronalac No 2 850g,1,536822,10/10/2026,1,75.85,75.85,70.75,70.75,70.75,70.75,0.15,10.61,81.36
131000572,Ronalac No.1 1700g,1,548536,3/1/2026,3,151.65,454.95,138.31,414.93,138.31,414.93,0.15,62.24,477.17
131000316,Ronalac No1 850g,1,532118,3/1/2026,1,75.85,75.85,69.19,69.19,69.19,69.19,0.15,10.38,79.57
131000316,Ronalac No1 850g,1,548537,6/1/2026,3,81.40,244.20,69.19,207.57,69.19,207.57,0.15,31.14,238.71
131000316,Ronalac No1 850g,1,505310,8/1/2026,1,75.85,75.85,71.74,71.74,71.74,71.74,0.15,10.76,82.50
131000573,Ronalac No.2 1700g,1,548539,9/23/2026,2,151.65,303.30,138.31,276.62,138.31,276.62,0.15,41.49,318.11
121020598,Rose Aroma Hair Brush 4701,1,511545,10/18/1932,2,15.00,30.00,8.50,17,8.50,17.00,0.15,2.55,19.55
121020584,Rose Aroma Hair Brush 4703,1,461700,1/1/1932,1,28.00,28.00,17.92,17.92,17.92,17.92,0.15,2.69,20.61
121020586,Rose Aroma Hair Brush 4705,1,461702,1/1/1932,1,17.00,17.00,10.88,10.88,10.88,10.88,0.15,1.63,12.51
121020585,Rose Aroma Hair Brush 4706,1,461701,1/1/1932,1,17.00,17.00,10.88,10.88,10.88,10.88,0.15,1.63,12.51
121020593,Rose Aroma Hair Brush 4717,1,461709,1/1/1932,1,17.39,17.39,11.13,11.13,11.13,11.13,0.15,1.67,12.80
121020592,Rose Aroma Hair Brush 4725,1,461708,1/1/1932,1,17.00,17.00,10.88,10.88,10.88,10.88,0.15,1.63,12.51
121021739,Rose Aroma Hair Brush 4729,1,511550,1/31/1931,1,15.00,15.00,8.50,8.5,8.50,8.50,0.15,1.28,9.78
121020546,Rose Aroma hair Brush 4743,1,461599,8/1/1931,1,18.26,18.26,11.69,11.69,11.69,11.69,0.15,1.75,13.44
121020589,Rose Aroma Hair Brush Bl 4723,1,461705,1/1/1932,1,19.00,19.00,12.16,12.16,12.16,12.16,0.15,1.82,13.98
121020588,Rose Aroma Hair Brush Bl 4732,1,461704,1/1/1932,2,14.04,28.08,8.99,17.98,8.99,17.98,0.15,2.70,20.68
121020600,Rose Aroma Hair Brush Zigzag,1,461721,1/1/1932,1,14.00,14.00,8.96,8.96,8.96,8.96,0.15,1.34,10.30
111002052,Roxonin 60mg tab 20,F230500,545648,6/30/2027,2,30.40,60.80,30.40,60.8,18.24,36.48,0,0.00,36.48
111004503,Roxonin Tape 50mg 7 Patch,B264SA,538123,1/31/2027,2,27.60,55.20,27.60,55.2,23.00,46.00,0,0.00,46.00
121021914,Royal Honey 20 Sachets,1,547264,12/10/2026,16,25.00,400.00,10.20,163.2,10.20,163.20,0.15,24.48,187.68
111004248,Rozavi 10 mg Tab,f210492,456566,6/30/2025,1,51.45,51.45,51.45,51.45,25.73,25.73,0,0.00,25.73
111002059,Rumafen 1% 50g Gel,1,447668,6/6/2025,1,11.75,11.75,11.75,11.75,7.64,7.64,0,0.00,7.64
111003947,Rumafen 1% gel 100gm,23df99,505492,10/31/2026,3,23.50,70.50,23.50,70.5,0.00,0.00,0,0.00,0.00
111004242,Ruwatonexy 50 Cap,EB02-0334,526206,5/31/2026,2,79.75,159.50,79.75,159.5,55.83,111.65,0,0.00,111.65
111004359,Rybelsus 14mg 30 Tab,NS6KC13,536579,1/1/2026,1,456.70,456.70,456.70,456.7,415.19,415.19,0,0.00,415.19
131000606,S-26 Milk 1800g,1,540443,8/8/2025,2,172.00,344.00,165.75,331.5,165.75,331.50,0.15,49.73,381.23
131000606,S-26 Milk 1800g,1,527238,9/30/2025,1,172.00,172.00,166.81,166.81,166.81,166.81,0.15,25.02,191.83
131000322,S-26 Milk 900g,1,525357,10/10/2026,1,84.00,84.00,79.60,79.6,79.60,79.60,0.15,11.94,91.54
131000322,S-26 Milk 900g,1,525992,12/1/2025,1,84.00,84.00,80.54,80.54,80.54,80.54,0.15,12.08,92.62
131000322,S-26 Milk 900g,1,545399,5/1/2026,1,84.00,84.00,79.69,79.69,79.69,79.69,0.15,11.95,91.64
121021105,Sabaya Solution Lensess,1,548233,4/9/2027,5,25.00,125.00,7.50,37.5,7.50,37.50,0,0.00,37.50
151001848,Safa Med Hot Cold Medium,3,519578,1/16/2025,1,35.00,35.00,15.00,15,15.00,15.00,0,0.00,15.00
151001678,Safe Med Cooling Patch 5*12cm,1,451716,12/1/1999,1,20.00,20.00,7.00,7,7.00,7.00,0,0.00,7.00
111002066,Salibet Oint. 30 gm,BB0428,546220,2/1/2027,6,12.90,77.40,12.90,77.4,8.28,49.67,0,0.00,49.67
111002073,Salipax 20mg cap,24010005,536417,11/1/2026,1,84.45,84.45,84.45,84.45,73.44,73.44,0,0.00,73.44
121016796,Salonpas Pain Relif Patch 7cmx10cm 5 Patches,1,500908,11/1/2025,4,33.00,132.00,26.75,107,26.75,107.00,0,0.00,107.00
121003962,Salonpas Patch 6.50x4.2cm 20Patch,a805t,540715,7/1/2026,9,16.00,144.00,10.75,96.75,10.21,91.91,0,0.00,91.91
121009688,Salonpas Patch Large 2pcs 25(box),1,515600,4/30/2026,4,12.00,48.00,9.25,37,9.25,37.00,0,0.00,37.00
121008742,Sandal Splint M,36,350826,12/1/1999,1,42.00,42.00,42.00,42,23.94,23.94,0,0.00,23.94
142000072,Sanita Elegance Cullote Large Jumbo 4x18,1,419974,12/1/1999,3,88.00,264.00,74.25,222.75,74.25,222.75,0,0.00,222.75
142000073,Sanita Elegance Cullote X-Large Jumbo 4x14,1,425922,12/1/1999,3,88.00,264.00,74.25,222.75,74.25,222.75,0,0.00,222.75
141000291,Sanita Elegance Large Reg 4x10,1,539193,12/1/1999,1,40.00,40.00,25.21,25.21,25.21,25.21,0,0.00,25.21
142000004,Sanita Elegance Medium 4×12,1,520341,12/1/1999,3,40.00,120.00,25.16,75.47,25.16,75.47,0,0.00,75.47
121011214,Sanita Elegance Medium Jumbo 2x22,1,487229,12/1/1999,1,63.00,63.00,52.50,52.5,52.50,52.50,0,0.00,52.50
141000377,Sanita Elegance Small Jumbo 2x25,1,480614,8/1/2027,1,63.00,63.00,52.50,52.5,52.50,52.50,0,0.00,52.50
142000067,Sanita Elegance X-Large Reg 4x10,1,539194,12/1/1999,3,40.00,120.00,25.21,75.62,25.21,75.62,0,0.00,75.62
151001343,Sanitayaki Capsium Plaster 50 Pcs,1,418778,12/1/1999,19,3.00,57.00,1.20,22.8,1.20,22.80,0,0.00,22.80
111003949,Sanovit Iron 320 ml Syrup,231362,539916,4/18/2026,1,26.55,26.55,26.55,26.55,18.59,18.59,0,0.00,18.59
111003948,Sanovit Mineral Syrup 320 ml,231350,529009,4/8/2026,2,26.55,53.10,18.59,37.18,18.59,37.18,0,0.00,37.18
111003851,Sapofen Junior Susp 100mg 120ML,1149680,536373,8/1/2026,5,7.20,36.00,7.20,36,5.71,28.57,0,0.00,28.57
111003851,Sapofen Junior Susp 100mg 120ML,1149682,547663,9/1/2026,9,7.20,64.80,5.45,49.05,5.45,49.05,0,0.00,49.05
111002079,Sapofen tabs 400mg RMBP 20 p,200926,541374,6/1/2029,2,13.60,27.20,13.60,27.2,7.08,14.17,0,0.00,14.17
111003896,Sartan 100mg Tab,B425,468099,6/1/2025,2,87.90,175.80,87.90,175.8,47.87,95.75,0,0.00,95.75
111003897,Sartan 50mg Tab,C881,546221,6/3/2027,2,40.80,81.60,40.80,81.6,21.42,42.84,0,0.00,42.84
121012391,Sasmar Classic Water Pump 60ml,1,515601,2/20/2026,2,36.00,72.00,25.50,51,25.50,51.00,0,0.00,51.00
121012393,Sasmar Strawberry Flavour Pump 60ml,1,515603,2/20/2026,3,36.00,108.00,25.50,76.5,25.50,76.50,0,0.00,76.50
121006067,Sauna Suit 0040 Sundal,1,353786,12/1/1999,2,60.00,120.00,25.00,50,25.00,50.00,0.15,7.50,57.50
121006067,Sauna Suit 0040 Sundal,1,350872,12/1/1999,2,60.00,120.00,60.00,120,34.20,68.40,0.15,10.26,78.66
111004017,Savir Cream 15g,17939,530347,3/30/2026,2,38.00,76.00,38.00,76,22.62,45.24,0,0.00,45.24
111004017,Savir Cream 15g,1,506410,5/30/2025,1,38.00,38.00,38.00,38,22.62,22.62,0,0.00,22.62
111003279,Savy Syrup 100ml,1153395,529010,2/1/2027,2,49.75,99.50,22.80,45.6,22.80,45.60,0,0.00,45.60
111003279,Savy Syrup 100ml,1145195,526769,2/1/2026,2,44.75,89.50,44.75,89.5,37.29,74.58,0,0.00,74.58
111002090,Scopinal 10mg 20tab,6057,543947,5/13/2027,3,7.40,22.20,7.40,22.2,5.55,16.65,0,0.00,16.65
111002091,Scopinal Inj.,5396,547664,4/6/2026,2,12.70,25.40,10.58,21.16,10.58,21.16,0,0.00,21.16
121017806,Sebium Hydra Cream t 40ml,1,548227,6/30/2026,1,104.00,104.00,68.20,68.2,68.20,68.20,0.15,10.23,78.43
121004029,Secret Nail file Silver,?,450169,12/1/1999,1,13.00,13.00,13.00,13,8.45,8.45,0.15,1.27,9.72
111002552,Selecta 10mg F.C Tab,BB0203,544968,2/1/2026,1,31.60,31.60,17.64,17.64,17.64,17.64,0,0.00,17.64
111002549,Selecta 2.5mg F.C Tap,BB0070,544970,2/1/2026,1,14.85,14.85,8.91,8.91,8.91,8.91,0,0.00,8.91
111002541,Selecta 5mg F.C Tap,am0357,524012,11/26/2025,1,22.30,22.30,22.30,22.3,12.45,12.45,0,0.00,12.45
111002542,Selecta Plus 5mg/12.5mg F.C Tap,AW0174,544969,11/1/2025,1,21.25,21.25,12.75,12.75,12.75,12.75,0,0.00,12.75
121022151,Self Bond Intimate For Men,1,540265,8/31/2029,3,100.00,300.00,100.00,300,55.00,165.00,0.15,24.75,189.75
121022152,Self Bond Intimate For Women,1,540266,8/31/2029,3,100.00,300.00,100.00,300,55.00,165.00,0.15,24.75,189.75
121021878,Sensodyne Clinical White Enamel Strengthening 75ml,1,526620,1/1/2026,4,45.00,180.00,39.86,159.44,39.06,156.25,0.15,23.44,179.69
121021175,Sensodyne Complet Protect White 75ml,1,527329,1/1/2026,2,37.00,74.00,29.18,58.36,28.60,57.19,0.15,8.58,65.77
121020171,Sensodyne Complete Protection Fresh Breath T/P 75ML,1,527330,1/1/2026,3,37.00,111.00,29.18,87.54,28.60,85.79,0.15,12.87,98.66
121020175,Sensodyne Deep Clean Extra Fresh 100ml 33% T.p,1,528764,12/18/2025,4,27.00,108.00,22.05,88.2,22.05,88.20,0.15,13.23,101.43
121016602,Sensodyne Multi Care Herbal T.P 100ML,1,528765,2/28/2027,1,30.00,30.00,23.89,23.89,23.89,23.89,0.15,3.58,27.47
121021941,Sensodyne Pronamel Kids T.P 50ml,1,545213,1/1/2027,3,23.00,69.00,20.83,62.49,20.41,61.24,0.15,9.19,70.43
121015483,Sensodyne Rapid Action T.B 1+1 67495,1,506370,12/1/1999,1,30.00,30.00,24.17,24.17,24.17,24.17,0,0.00,24.17
121015482,Sensodyne Repair & Protect T.B 1+1 67456,1,545216,4/4/2029,5,30.00,150.00,25.38,126.9,24.87,124.36,0,0.00,124.36
121016386,sensodyne sensitivity gum whitening T.P 75ml,1,545218,4/4/2026,2,37.00,74.00,29.75,59.5,29.16,58.31,0.15,8.75,67.06
121015815,Sensodyne T.B Complete Protection Soft 1+1 67458,1,506371,12/1/1999,1,30.00,30.00,24.17,24.17,24.17,24.17,0,0.00,24.17
121020186,Sensodyne TB Gentle Sensitive Extra Soft,1,547417,12/1/1999,11,20.00,220.00,17.50,192.5,17.50,192.50,0,0.00,192.50
121014820,Sensodyne T.P Deep Clean Gel 75ml 67222,1,528763,1/30/2026,1,26.00,26.00,22.05,22.05,22.05,22.05,0.15,3.31,25.36
121015813,Sensodyne T.P Extra Fresh 75ml 67288,1,545215,3/3/2027,5,27.00,135.00,21.88,109.4,21.44,107.21,0.15,16.08,123.29
121015813,Sensodyne T.P Extra Fresh 75ml 67288,1,519786,2/28/2027,4,27.00,108.00,21.88,87.52,21.88,87.52,0.15,13.13,100.65
121022264,Sensodyne T/P Extra Whitening 75ml,1,548237,8/8/2027,3,30.00,90.00,23.89,71.67,23.41,70.24,0.15,10.54,80.78
121014113,Sensodyne T.P Multi Care + Whitening 50ml,1,500615,5/31/2026,3,20.00,60.00,15.75,47.25,15.75,47.25,0.15,7.09,54.34
121013876,Sensodyne T.P Multi Care + Whitening 75ml,1,500616,6/30/2026,3,30.00,90.00,22.75,68.25,22.75,68.25,0.15,10.24,78.49
121013876,Sensodyne T.P Multi Care + Whitening 75ml,1,539103,6/18/2026,5,30.00,150.00,23.89,119.45,23.89,119.45,0.15,17.92,137.37
121013877,Sensodyne T.P Original 75ml 67441,1,528766,1/30/2027,2,25.00,50.00,20.21,40.42,20.21,40.42,0.15,6.06,46.48
121013877,Sensodyne T.P Original 75ml 67441,1,504844,11/11/2025,3,26.00,78.00,19.25,57.75,19.25,57.75,0.15,8.66,66.41
121013877,Sensodyne T.P Original 75ml 67441,1,539165,10/28/2026,3,25.00,75.00,20.21,60.63,20.21,60.63,0.15,9.09,69.72
121007637,Sensodyne T.P Pronamel Gentle Whitening 75ml 67201,1,492602,10/30/2025,1,30.00,30.00,25.75,25.75,25.24,25.24,0.15,3.79,29.03
121007638,Sensodyne T.P Rapid Relier Action 75ml 67293,6666655,449608,12/1/1999,7,26.00,182.00,20.00,140,13.00,91.00,0,0.00,91.00
121009594,Sensodyne T.P Repair And Protect 75ml 67296,1,533361,1/31/2026,1,37.00,37.00,29.18,29.18,29.18,29.18,0.15,4.38,33.56
121009594,Sensodyne T.P Repair And Protect 75ml 67296,1,545210,2/2/2026,3,37.00,111.00,29.18,87.54,28.60,85.79,0.15,12.87,98.66
111002111,Seretide Evohaler 250 mcg,7U3L,544903,8/9/2025,1,148.85,148.85,122.97,122.97,122.97,122.97,0,0.00,122.97
111002112,Seretide evohaler 50mcg,5M8P,544904,7/6/2025,1,79.90,79.90,69.48,69.48,69.48,69.48,0,0.00,69.48
111002116,Seroquel 300mg tab,sm061,522637,4/30/2026,1,165.50,165.50,165.50,165.5,143.92,143.92,0,0.00,143.92
111002117,Seroxat 20mg tabs bot/ 30  ea,BXCR,531349,8/23/2026,1,60.30,60.30,50.25,50.25,50.25,50.25,0,0.00,50.25
111002117,Seroxat 20mg tabs bot/ 30  ea,96VG,532473,10/3/2026,1,60.30,60.30,60.30,60.3,50.25,50.25,0,0.00,50.25
111002546,Seroxat CR 12.5mg 30Tap,332W,546041,9/30/2026,2,61.90,123.80,61.90,123.8,51.59,103.17,0,0.00,103.17
111003644,Sevikar 20/10mg 28tab,f220494,544927,5/30/2026,1,86.90,86.90,68.77,68.77,68.77,68.77,0,0.00,68.77
111003631,Sevikar 40/10 mg,F230399,544926,4/30/2027,1,99.05,99.05,83.55,83.55,83.55,83.55,0,0.00,83.55
111003631,Sevikar 40/10 mg,f220047,455920,1/1/2026,1,99.05,99.05,99.05,99.05,86.13,86.13,0,0.00,86.13
111003478,Sevikar 40/5mg 28 Tap,F240234,543892,3/31/2028,1,92.35,92.35,92.35,92.35,73.08,73.08,0,0.00,73.08
111003899,Sevikar Hct 20/5/12.5mg 28 Tab,f220251,544945,3/31/2026,1,86.85,86.85,72.50,72.5,72.50,72.50,0,0.00,72.50
111003899,Sevikar Hct 20/5/12.5mg 28 Tab,f231027,524019,11/30/2027,1,86.85,86.85,86.85,86.85,68.73,68.73,0,0.00,68.73
111004355,Sevikar Hct 40/10/25 mg 28 Tab,f220800,544942,9/30/2026,1,124.20,124.20,98.28,98.28,98.28,98.28,0,0.00,98.28
111003901,Sevikar Hct 40/5/25mg 28 Tab,f220798,544943,9/30/2026,1,110.95,110.95,87.80,87.8,87.80,87.80,0,0.00,87.80
121014055,Shifa Gel Wet Look 500ml,1,447992,3/1/2024,1,12.00,12.00,12.00,12,7.80,7.80,0.15,1.17,8.97
121014055,Shifa Gel Wet Look 500ml,333333,447998,6/1/2024,2,12.00,24.00,12.00,24,7.80,15.60,0.15,2.34,17.94
121006923,Shifa Scrub 300 ML,1,539066,1/31/2029,3,10.00,30.00,5.35,16.05,5.35,16.05,0.15,2.41,18.46
121006744,Shifa Scrub 500ml,?,449954,2/28/2025,1,16.00,16.00,16.00,16,10.40,10.40,0.15,1.56,11.96
121006744,Shifa Scrub 500ml,1,539065,1/1/2029,3,15.00,45.00,7.50,22.5,7.50,22.50,0.15,3.38,25.88
121006744,Shifa Scrub 500ml,1,448880,2/2/2025,2,16.00,32.00,16.00,32,10.40,20.80,0.15,3.12,23.92
121014061,Shifa Scrub Apricort 300ml,1,482080,8/31/2027,2,10.00,20.00,5.00,10,5.00,10.00,0.15,1.50,11.50
121014513,Shifa Scrub Apricort 500ml,1,524544,8/31/2027,2,15.00,30.00,7.50,15,7.50,15.00,0.15,2.25,17.25
121013935,Shifa Scrub Cocoa Butter 500ml,1,437636,2/28/2025,2,15.00,30.00,7.00,14,7.00,14.00,0.15,2.10,16.10
121016713,Shifa Scrub Lemon 500ml,1,539067,10/31/2028,3,15.00,45.00,7.50,22.5,7.50,22.50,0.15,3.38,25.88
121014060,Shifa Scrub Mint 300ml,1,539068,1/31/2029,2,10.00,20.00,5.35,10.7,5.35,10.70,0.15,1.61,12.31
121014815,Shifa Scrub Raspberry 300ml,1,534085,1/31/2029,2,10.00,20.00,5.35,10.7,5.35,10.70,0.15,1.61,12.31
121014059,Shifa Scrub Strawberry 300ml,1,522823,1/31/2029,6,10.00,60.00,5.35,32.1,5.35,32.10,0.15,4.82,36.92
121009029,Shoeib 1032 Eye Patch,9999999999,504466,12/1/1999,2,26.00,52.00,11.00,22,11.00,22.00,0.15,3.30,25.30
121004106,Shoeib 10Pcs Blades 906,?,449966,12/1/1999,2,13.00,26.00,13.00,26,8.45,16.90,0.15,2.54,19.44
121004108,Shoeib 1112we Sapphir Nailfiie 9cm,1,299791,12/1/1999,1,9.00,9.00,9.00,9,4.50,4.50,0.15,0.68,5.18
121004109,Shoeib 1113we Sapphir Nailfile 13cm,1,266224,12/1/1999,6,10.00,60.00,10.00,60,5.63,33.75,0.15,5.06,38.81
121004112,Shoeib 25 Nipper In 8cm Chrome,?,450140,12/1/1999,1,25.00,25.00,25.00,25,16.25,16.25,0.15,2.44,18.69
121004117,Shoeib 398 Delux Nail Clip W File Chr M,1,299788,12/1/1999,2,16.00,32.00,16.00,32,8.00,16.00,0.15,2.40,18.40
121006278,Shoeib 3way buffer in big pink big,1,290826,12/1/1999,4,10.00,40.00,10.00,40,6.00,24.00,0.15,3.60,27.60
121009025,Shoeib 406R Baby Nail,1,273515,12/1/1999,1,8.00,8.00,8.00,8,4.00,4.00,0.15,0.60,4.60
121013317,Shoeib 4718 Cuticle Scissors 50344,?,450152,12/1/1999,1,18.00,18.00,18.00,18,11.70,11.70,0.15,1.76,13.46
121004127,Shoeib 4718 Cuticle Scissors Stainles Polished,1,461438,8/1/1931,3,20.00,60.00,12.80,38.4,12.80,38.40,0.15,5.76,44.16
121004134,Shoeib 4731 Manicure Set,?,449960,12/1/1999,1,14.00,14.00,14.00,14,9.10,9.10,0.15,1.37,10.47
121004140,Shoeib 627 French Manicure Nail Tips,1,337764,12/1/1999,6,25.00,150.00,25.00,150,15.00,90.00,0.15,13.50,103.50
121004141,Shoeib 628 French Nail Tips,1,337765,12/1/1999,2,25.00,50.00,25.00,50,15.00,30.00,0.15,4.50,34.50
121004142,Shoeib 629 French Manic Nail Tips,1,337766,12/1/1999,8,25.00,200.00,25.00,200,15.00,120.00,0.15,18.00,138.00
121015232,Shoeib Brush 202,??,450126,12/1/1999,5,9.00,45.00,9.00,45,5.85,29.25,0.15,4.39,33.64
121013309,Shoeib Brush 303,?????,450115,12/1/1999,1,22.00,22.00,22.00,22,14.30,14.30,0.15,2.15,16.45
121004160,Shoeib Eyelash fomer 3764,1,266250,12/1/1999,6,17.00,102.00,17.00,102,10.20,61.20,0.15,9.18,70.38
121004162,Shoeib Foot Stone 896,1,253348,12/1/1999,1,9.00,9.00,9.00,9,4.95,4.95,0.15,0.74,5.69
121004163,Shoeib Footrasp Stainless 897,9999999999,504469,12/1/1999,2,22.00,44.00,9.80,19.6,9.80,19.60,0.15,2.94,22.54
121004163,Shoeib Footrasp Stainless 897,1,266212,12/1/1999,4,12.00,48.00,12.00,48,6.69,26.74,0.15,4.01,30.75
121011125,Shoeib french manicure nail tips 630,1,337767,12/1/1999,7,25.00,175.00,25.00,175,15.00,105.00,0.15,15.75,120.75
121011126,Shoeib French Manicure Nail Tips 631,1,337768,12/1/1999,3,25.00,75.00,25.00,75,15.00,45.00,0.15,6.75,51.75
121004164,Shoeib Indivi Lashes O. Touch Black 601Y,9999999999,504473,12/1/1999,2,25.00,50.00,10.00,20,10.00,20.00,0.15,3.00,23.00
121015569,Shoeib Lashes Gluein Black 605y,1,405606,12/1/1999,4,20.00,80.00,20.00,80,10.00,40.00,0.15,6.00,46.00
121008989,Shoeib Nail Clipper 405matt,1,267925,12/1/1999,1,16.00,16.00,16.00,16,8.00,8.00,0.15,1.20,9.20
121004168,Shoeib Nail Scissors Stainles Plished 4717,1,461439,8/1/1931,4,20.00,80.00,12.80,51.2,12.80,51.20,0.15,7.68,58.88
121004170,Shoeib One touch black 101Y,1,504465,12/1/1999,2,26.00,52.00,11.00,22,11.00,22.00,0.15,3.30,25.30
121004173,Shoeib One Touch Black 107Y,1,504467,12/1/1999,2,26.00,52.00,13.00,26,13.00,26.00,0.15,3.90,29.90
121004174,Shoeib One Touch Black 109Y,1,504468,12/1/1999,2,26.00,52.00,13.00,26,13.00,26.00,0.15,3.90,29.90
121004176,Shoeib Oval Brush Big 206,1,267929,12/1/1999,6,25.00,150.00,25.00,150,12.50,75.00,0.15,11.25,86.25
121004177,Shoeib Oval Brush Big 207,1,267930,12/1/1999,1,19.00,19.00,19.00,19,9.50,9.50,0.15,1.43,10.93
121004178,Shoeib Pencil Sharpener 1604,1,461448,8/1/1931,3,12.00,36.00,7.68,23.04,7.68,23.04,0.15,3.46,26.50
121004184,Shoeib Rani Jolie Nail glue 626,1,433816,12/1/1999,6,20.00,120.00,20.00,120,10.00,60.00,0.15,9.00,69.00
121004185,Shoeib Rect Brush Small 208,1,267943,12/1/1999,7,19.00,133.00,19.00,133,9.77,68.40,0.15,10.26,78.66
121004186,Shoeib Rect brush Small 209,1,274493,12/1/1999,3,19.00,57.00,19.00,57,9.50,28.50,0.15,4.28,32.78
121004187,Shoeib Round Brush 204,1,267928,12/1/1999,3,18.00,54.00,18.00,54,9.00,27.00,0.15,4.05,31.05
121004188,Shoeib Round Brush 205,1,253351,12/1/1999,3,19.00,57.00,19.00,57,9.50,28.50,0.15,4.28,32.78
121004190,Shoeib Sapphire Nailfile 15cm 1131we,1,266176,12/1/1999,2,10.00,20.00,10.00,20,5.00,10.00,0.15,1.50,11.50
121013307,Shoeib tweezer 6477,??,450137,12/1/1999,2,14.00,28.00,14.00,28,9.10,18.20,0.15,2.73,20.93
121013307,Shoeib tweezer 6477,?,449962,12/1/1999,12,22.00,264.00,22.00,264,14.30,171.60,0.15,25.74,197.34
121004199,Shoeib Tweezers 6225/7,1,266227,12/1/1999,7,12.00,84.00,12.00,84,6.84,47.88,0.15,7.18,55.06
121004204,Shoeib Tweezers 6278,1,273527,12/1/1999,2,10.00,20.00,10.00,20,5.00,10.00,0.15,1.50,11.50
121015869,Shoeib Tweezers In Slant 6285,??,450136,12/1/1999,1,11.00,11.00,11.00,11,7.15,7.15,0.15,1.07,8.22
121004236,Signal Cavity Fighter 120ml 207573,1,500617,1/4/2026,1,9.00,9.00,5.42,5.42,5.42,5.42,0.15,0.81,6.23
121004236,Signal Cavity Fighter 120ml 207573,1,528769,5/14/2026,2,9.00,18.00,5.42,10.84,5.42,10.84,0.15,1.63,12.47
121004237,Signal Cavity Fighter 25ml 202928,1,524545,8/10/2026,1,3.00,3.00,1.16,1.16,1.16,1.16,0.15,0.17,1.33
121004237,Signal Cavity Fighter 25ml 202928,1,516057,10/9/2025,1,3.00,3.00,1.16,1.16,1.16,1.16,0.15,0.17,1.33
121004238,Signal Cavity Fighter 50ml 202929,1,547144,11/25/2026,9,6.00,54.00,3.10,27.9,3.10,27.90,0.15,4.19,32.09
121004245,Signal CF Herbal Miswak 120ml,1,528768,9/30/2026,6,14.00,84.00,7.84,47.04,7.84,47.04,0.15,7.06,54.10
121016860,Signal Complete 8 Nature Elements Clove Sensitive t.p 100m,1,511001,1/20/2026,1,20.00,20.00,11.99,11.99,11.99,11.99,0.15,1.80,13.79
121017027,Signal Complete 8 T.P Charcoal White Detox 100ml,1,548077,4/27/2027,3,20.00,60.00,11.80,35.4,11.80,35.40,0.15,5.31,40.71
121013705,Signal T.B Vertical Expert - U - 1pc 208417,1,539009,12/1/1999,11,24.00,264.00,18.75,206.25,18.75,206.25,0,0.00,206.25
121021721,Signal T.P Complete 8 Camomile 75ml,1,510999,1/28/2026,1,20.00,20.00,12.50,12.5,12.50,12.50,0.15,1.88,14.38
121018373,Signal TP Complete 8 Herbal Gum Care 100ml,1,511002,7/27/2026,1,20.00,20.00,11.99,11.99,11.99,11.99,0.15,1.80,13.79
151000882,Silk Plast 10*5 yd 2 roll,1,541016,12/1/1999,6,15.00,90.00,8.70,52.2,8.70,52.20,0,0.00,52.20
151000884,Silk Plast 2.5 x 5  yd 12 roll,1,534642,12/1/1999,4,7.00,28.00,3.00,12,3.00,12.00,0,0.00,12.00
151000885,Silk Plast 5 x 5 yd 6 roll,1,534643,12/1/1999,1,9.00,9.00,4.85,4.85,4.85,4.85,0,0.00,4.85
151000883,Silk Plast 7.5x5yd 2 Roll,1,541017,12/1/1999,5,12.00,60.00,7.20,36,7.20,36.00,0,0.00,36.00
151000883,Silk Plast 7.5x5yd 2 Roll,1,498854,10/10/2025,1,12.00,12.00,7.00,7,7.00,7.00,0,0.00,7.00
121016385,Silva Eye Pad Small Box 10pcs,1,447800,8/1/2025,1,15.00,15.00,12.00,12,7.80,7.80,0,0.00,7.80
151001614,Silva Tiger Pain Relief Patch Hot,1,534066,7/31/2027,33,5.00,165.00,2.50,82.5,2.50,82.50,0,0.00,82.50
151001613,Silva Tiger Pain Relief Patch Mint,44444,515606,1/30/2028,10,16.00,160.00,9.60,96,9.60,96.00,0,0.00,96.00
151001613,Silva Tiger Pain Relief Patch Mint,33,515605,1/1/2028,4,16.00,64.00,9.60,38.4,9.60,38.40,0,0.00,38.40
,,,,,,,,,,,,,,
,,,,,,,,,,,,,,
,,,,,,,,,,,,,,
,,,,,,,,,,,,,,
,,,,,,,,,,,,,,
,,,,,,,,,,,,,,
,,,,,,,,,,,,,,
,,,,,,,,,,,,,,
,,,,,,,,,,,,,,
,,,,,,,,,,,,,,
,,,,,,,,,,,,,,
,,,,,,,,,,,,,,
,,,,,,,,,,,,,,
,,,,,,,,,,,,,,
,,,,,,,,,,,,,,
,,,,,,,,,,,,,,
,,,,,,,,,,,,,,
,,,,,,,,,,,,,,
,,,,,,,,,,,,,,
,,,,,,,,,,,,,,
,,,,,,,,,,,,,,
,,,,,,,,,,,,,,
,,,,,,,,,,,,,,
,,,,,,,,,,,,,,
,,,,,,,,,,,,,,
,,,,,,,,,,,,,,
,,,,,,,,,,,,,,
,,,,,,,,,,,,,,
,,,,,,,,,,,,,,
,,,,,,,,,,,,,,
,,,,,,,,,,,,,,
,,,,,,,,,,,,,,
,,,,,,,,,,,,,,
,,,,,,,,,,,,,,
,,,,,,,,,,,,,,
,,,,,,,,,,,,,,
,,,,,,,,,,,,,,
,,,,,,,,,,,,,,
,,,,,,,,,,,,,,
,,,,,,,,,,,,,,
,,,,,,,,,,,,,,
,,,,,,,,,,,,,,
,,,,,,,,,,,,,,
,,,,,,,,,,,,,,
,,,,,,,,,,,,,,
,,,,,,,,,,,,,,
,,,,,,,,,,,,,,
,,,,,,,,,,,,,,
,,,,,,,,,,,,,,
,,,,,,,,,,,,,,
,,,,,,,,,,,,,,
,,,,,,,,,,,,,,
,,,,,,,,,,,,,,
,,,,,,,,,,,,,,
,,,,,,,,,,,,,,
,,,,,,,,,,,,,,
,,,,,,,,,,,,,,
,,,,,,,,,,,,,,
,,,,,,,,,,,,,,
,,,,,,,,,,,,,,
,,,,,,,,,,,,,,
,,,,,,,,,,,,,,
,,,,,,,,,,,,,,
,,,,,,,,,,,,,,
,,,,,,,,,,,,,,
,,,,,,,,,,,,,,
,,,,,,,,,,,,,,
,,,,,,,,,,,,,,
,,,,,,,,,,,,,,
,,,,,,,,,,,,,,
,,,,,,,,,,,,,,
,,,,,,,,,,,,,,
,,,,,,,,,,,,,,
,,,,,,,,,,,,,,
,,,,,,,,,,,,,,
,,,,,,,,,,,,,,
,,,,,,,,,,,,,,
,,,,,,,,,,,,,,
,,,,,,,,,,,,,,
,,,,,,,,,,,,,,
,,,,,,,,,,,,,,
,,,,,,,,,,,,,,
,,,,,,,,,,,,,,
,,,,,,,,,,,,,,
,,,,,,,,,,,,,,
,,,,,,,,,,,,,,
,,,,,,,,,,,,,,
,,,,,,,,,,,,,,
,,,,,,,,,,,,,,
,,,,,,,,,,,,,,
,,,,,,,,,,,,,,
,,,,,,,,,,,,,,
,,,,,,,,,,,,,,
,,,,,,,,,,,,,,
,,,,,,,,,,,,,,
,,,,,,,,,,,,,,
,,,,,,,,,,,,,,
,,,,,,,,,,,,,,
,,,,,,,,,,,,,,
,,,,,,,,,,,,,,
,,,,,,,,,,,,,,
,,,,,,,,,,,,,,
,,,,,,,,,,,,,,
,,,,,,,,,,,,,,
,,,,,,,,,,,,,,
,,,,,,,,,,,,,,
,,,,,,,,,,,,,,
,,,,,,,,,,,,,,
,,,,,,,,,,,,,,
,,,,,,,,,,,,,,
,,,,,,,,,,,,,,
,,,,,,,,,,,,,,
,,,,,,,,,,,,,,
,,,,,,,,,,,,,,
,,,,,,,,,,,,,,
,,,,,,,,,,,,,,
,,,,,,,,,,,,,,
,,,,,,,,,,,,,,
,,,,,,,,,,,,,,
,,,,,,,,,,,,,,
,,,,,,,,,,,,,,
,,,,,,,,,,,,,,
,,,,,,,,,,,,,,
,,,,,,,,,,,,,,
,,,,,,,,,,,,,,
,,,,,,,,,,,,,,
,,,,,,,,,,,,,,
,,,,,,,,,,,,,,
,,,,,,,,,,,,,,
,,,,,,,,,,,,,,
,,,,,,,,,,,,,,
,,,,,,,,,,,,,,
,,,,,,,,,,,,,,
,,,,,,,,,,,,,,
,,,,,,,,,,,,,,
,,,,,,,,,,,,,,
,,,,,,,,,,,,,,
,,,,,,,,,,,,,,
,,,,,,,,,,,,,,
,,,,,,,,,,,,,,
,,,,,,,,,,,,,,
,,,,,,,,,,,,,,
,,,,,,,,,,,,,,
,,,,,,,,,,,,,,
,,,,,,,,,,,,,,
,,,,,,,,,,,,,,
,,,,,,,,,,,,,,
,,,,,,,,,,,,,,
,,,,,,,,,,,,,,
,,,,,,,,,,,,,,
,,,,,,,,,,,,,,
,,,,,,,,,,,,,,
,,,,,,,,,,,,,,
,,,,,,,,,,,,,,
,,,,,,,,,,,,,,
,,,,,,,,,,,,,,
,,,,,,,,,,,,,,
,,,,,,,,,,,,,,
,,,,,,,,,,,,,,
,,,,,,,,,,,,,,
,,,,,,,,,,,,,,
,,,,,,,,,,,,,,
,,,,,,,,,,,,,,
,,,,,,,,,,,,,,
,,,,,,,,,,,,,,
,,,,,,,,,,,,,,
,,,,,,,,,,,,,,
,,,,,,,,,,,,,,
,,,,,,,,,,,,,,
,,,,,,,,,,,,,,
,,,,,,,,,,,,,,
,,,,,,,,,,,,,,
,,,,,,,,,,,,,,
,,,,,,,,,,,,,,
,,,,,,,,,,,,,,
,,,,,,,,,,,,,,
,,,,,,,,,,,,,,
,,,,,,,,,,,,,,
,,,,,,,,,,,,,,
,,,,,,,,,,,,,,
,,,,,,,,,,,,,,
,,,,,,,,,,,,,,
,,,,,,,,,,,,,,
,,,,,,,,,,,,,,
,,,,,,,,,,,,,,
,,,,,,,,,,,,,,
,,,,,,,,,,,,,,
,,,,,,,,,,,,,,
,,,,,,,,,,,,,,
,,,,,,,,,,,,,,
,,,,,,,,,,,,,,
,,,,,,,,,,,,,,
,,,,,,,,,,,,,,
,,,,,,,,,,,,,,
,,,,,,,,,,,,,,
,,,,,,,,,,,,,,
,,,,,,,,,,,,,,
,,,,,,,,,,,,,,
,,,,,,,,,,,,,,
,,,,,,,,,,,,,,
,,,,,,,,,,,,,,
,,,,,,,,,,,,,,
,,,,,,,,,,,,,,
,,,,,,,,,,,,,,
,,,,,,,,,,,,,,
,,,,,,,,,,,,,,
,,,,,,,,,,,,,,
,,,,,,,,,,,,,,
,,,,,,,,,,,,,,
,,,,,,,,,,,,,,
,,,,,,,,,,,,,,
,,,,,,,,,,,,,,
,,,,,,,,,,,,,,
,,,,,,,,,,,,,,
,,,,,,,,,,,,,,
,,,,,,,,,,,,,,
,,,,,,,,,,,,,,
,,,,,,,,,,,,,,
,,,,,,,,,,,,,,
,,,,,,,,,,,,,,
,,,,,,,,,,,,,,
,,,,,,,,,,,,,,
,,,,,,,,,,,,,,
,,,,,,,,,,,,,,
,,,,,,,,,,,,,,
,,,,,,,,,,,,,,
,,,,,,,,,,,,,,
,,,,,,,,,,,,,,
,,,,,,,,,,,,,,
,,,,,,,,,,,,,,
,,,,,,,,,,,,,,
,,,,,,,,,,,,,,
,,,,,,,,,,,,,,
,,,,,,,,,,,,,,
,,,,,,,,,,,,,,
,,,,,,,,,,,,,,
,,,,,,,,,,,,,,
,,,,,,,,,,,,,,
,,,,,,,,,,,,,,
,,,,,,,,,,,,,,
,,,,,,,,,,,,,,
,,,,,,,,,,,,,,
,,,,,,,,,,,,,,
,,,,,,,,,,,,,,
,,,,,,,,,,,,,,
,,,,,,,,,,,,,,
,,,,,,,,,,,,,,
,,,,,,,,,,,,,,
,,,,,,,,,,,,,,
,,,,,,,,,,,,,,
,,,,,,,,,,,,,,
,,,,,,,,,,,,,,
,,,,,,,,,,,,,,
,,,,,,,,,,,,,,
,,,,,,,,,,,,,,
,,,,,,,,,,,,,,
,,,,,,,,,,,,,,
,,,,,,,,,,,,,,
,,,,,,,,,,,,,,
,,,,,,,,,,,,,,
,,,,,,,,,,,,,,
,,,,,,,,,,,,,,
,,,,,,,,,,,,,,
,,,,,,,,,,,,,,
,,,,,,,,,,,,,,
,,,,,,,,,,,,,,
,,,,,,,,,,,,,,
,,,,,,,,,,,,,,
,,,,,,,,,,,,,,
,,,,,,,,,,,,,,
,,,,,,,,,,,,,,
,,,,,,,,,,,,,,
,,,,,,,,,,,,,,
,,,,,,,,,,,,,,
,,,,,,,,,,,,,,
,,,,,,,,,,,,,,
,,,,,,,,,,,,,,
,,,,,,,,,,,,,,
,,,,,,,,,,,,,,
,,,,,,,,,,,,,,
,,,,,,,,,,,,,,
,,,,,,,,,,,,,,
,,,,,,,,,,,,,,
,,,,,,,,,,,,,,
,,,,,,,,,,,,,,
,,,,,,,,,,,,,,
,,,,,,,,,,,,,,
,,,,,,,,,,,,,,
,,,,,,,,,,,,,,
,,,,,,,,,,,,,,
,,,,,,,,,,,,,,
,,,,,,,,,,,,,,
,,,,,,,,,,,,,,
,,,,,,,,,,,,,,
,,,,,,,,,,,,,,
,,,,,,,,,,,,,,
,,,,,,,,,,,,,,
,,,,,,,,,,,,,,
,,,,,,,,,,,,,,
,,,,,,,,,,,,,,
,,,,,,,,,,,,,,
,,,,,,,,,,,,,,
,,,,,,,,,,,,,,
,,,,,,,,,,,,,,
,,,,,,,,,,,,,,
,,,,,,,,,,,,,,
,,,,,,,,,,,,,,
,,,,,,,,,,,,,,
,,,,,,,,,,,,,,
,,,,,,,,,,,,,,
,,,,,,,,,,,,,,
,,,,,,,,,,,,,,
,,,,,,,,,,,,,,
,,,,,,,,,,,,,,
,,,,,,,,,,,,,,
,,,,,,,,,,,,,,
,,,,,,,,,,,,,,
,,,,,,,,,,,,,,
,,,,,,,,,,,,,,
,,,,,,,,,,,,,,
,,,,,,,,,,,,,,
,,,,,,,,,,,,,,
,,,,,,,,,,,,,,
,,,,,,,,,,,,,,
,,,,,,,,,,,,,,
,,,,,,,,,,,,,,
,,,,,,,,,,,,,,
,,,,,,,,,,,,,,
,,,,,,,,,,,,,,
,,,,,,,,,,,,,,
,,,,,,,,,,,,,,
,,,,,,,,,,,,,,
,,,,,,,,,,,,,,
,,,,,,,,,,,,,,
,,,,,,,,,,,,,,
,,,,,,,,,,,,,,
,,,,,,,,,,,,,,
,,,,,,,,,,,,,,
,,,,,,,,,,,,,,
,,,,,,,,,,,,,,
,,,,,,,,,,,,,,
,,,,,,,,,,,,,,
,,,,,,,,,,,,,,
,,,,,,,,,,,,,,
,,,,,,,,,,,,,,
,,,,,,,,,,,,,,
,,,,,,,,,,,,,,
,,,,,,,,,,,,,,
,,,,,,,,,,,,,,
,,,,,,,,,,,,,,
,,,,,,,,,,,,,,
,,,,,,,,,,,,,,
,,,,,,,,,,,,,,
,,,,,,,,,,,,,,
,,,,,,,,,,,,,,
,,,,,,,,,,,,,,
,,,,,,,,,,,,,,
,,,,,,,,,,,,,,
,,,,,,,,,,,,,,
,,,,,,,,,,,,,,
,,,,,,,,,,,,,,
,,,,,,,,,,,,,,
,,,,,,,,,,,,,,
,,,,,,,,,,,,,,
,,,,,,,,,,,,,,
,,,,,,,,,,,,,,
,,,,,,,,,,,,,,
,,,,,,,,,,,,,,
,,,,,,,,,,,,,,
,,,,,,,,,,,,,,
,,,,,,,,,,,,,,
,,,,,,,,,,,,,,
,,,,,,,,,,,,,,
,,,,,,,,,,,,,,
,,,,,,,,,,,,,,
,,,,,,,,,,,,,,
,,,,,,,,,,,,,,
,,,,,,,,,,,,,,
,,,,,,,,,,,,,,
,,,,,,,,,,,,,,
,,,,,,,,,,,,,,
,,,,,,,,,,,,,,
,,,,,,,,,,,,,,
,,,,,,,,,,,,,,
,,,,,,,,,,,,,,
,,,,,,,,,,,,,,
,,,,,,,,,,,,,,
,,,,,,,,,,,,,,
,,,,,,,,,,,,,,
,,,,,,,,,,,,,,
,,,,,,,,,,,,,,
,,,,,,,,,,,,,,
,,,,,,,,,,,,,,
,,,,,,,,,,,,,,
,,,,,,,,,,,,,,
,,,,,,,,,,,,,,
,,,,,,,,,,,,,,
,,,,,,,,,,,,,,
,,,,,,,,,,,,,,
,,,,,,,,,,,,,,
,,,,,,,,,,,,,,
,,,,,,,,,,,,,,
,,,,,,,,,,,,,,
,,,,,,,,,,,,,,
,,,,,,,,,,,,,,
,,,,,,,,,,,,,,
,,,,,,,,,,,,,,
,,,,,,,,,,,,,,
,,,,,,,,,,,,,,
,,,,,,,,,,,,,,
,,,,,,,,,,,,,,
,,,,,,,,,,,,,,
,,,,,,,,,,,,,,
,,,,,,,,,,,,,,
,,,,,,,,,,,,,,
,,,,,,,,,,,,,,
,,,,,,,,,,,,,,
,,,,,,,,,,,,,,
,,,,,,,,,,,,,,
,,,,,,,,,,,,,,
,,,,,,,,,,,,,,
,,,,,,,,,,,,,,
,,,,,,,,,,,,,,
,,,,,,,,,,,,,,
,,,,,,,,,,,,,,
,,,,,,,,,,,,,,
,,,,,,,,,,,,,,
,,,,,,,,,,,,,,
,,,,,,,,,,,,,,
,,,,,,,,,,,,,,
,,,,,,,,,,,,,,
,,,,,,,,,,,,,,
,,,,,,,,,,,,,,
,,,,,,,,,,,,,,
,,,,,,,,,,,,,,
,,,,,,,,,,,,,,
,,,,,,,,,,,,,,
,,,,,,,,,,,,,,
,,,,,,,,,,,,,,
,,,,,,,,,,,,,,
,,,,,,,,,,,,,,
,,,,,,,,,,,,,,
,,,,,,,,,,,,,,
,,,,,,,,,,,,,,
,,,,,,,,,,,,,,
,,,,,,,,,,,,,,
,,,,,,,,,,,,,,
,,,,,,,,,,,,,,
,,,,,,,,,,,,,,
,,,,,,,,,,,,,,
,,,,,,,,,,,,,,
,,,,,,,,,,,,,,
,,,,,,,,,,,,,,
,,,,,,,,,,,,,,
,,,,,,,,,,,,,,
,,,,,,,,,,,,,,
,,,,,,,,,,,,,,
,,,,,,,,,,,,,,
,,,,,,,,,,,,,,
,,,,,,,,,,,,,,
,,,,,,,,,,,,,,
,,,,,,,,,,,,,,
,,,,,,,,,,,,,,
,,,,,,,,,,,,,,
,,,,,,,,,,,,,,
,,,,,,,,,,,,,,
,,,,,,,,,,,,,,
,,,,,,,,,,,,,,
,,,,,,,,,,,,,,
,,,,,,,,,,,,,,
,,,,,,,,,,,,,,
,,,,,,,,,,,,,,
,,,,,,,,,,,,,,
,,,,,,,,,,,,,,
,,,,,,,,,,,,,,
,,,,,,,,,,,,,,
,,,,,,,,,,,,,,
,,,,,,,,,,,,,,
,,,,,,,,,,,,,,
,,,,,,,,,,,,,,
,,,,,,,,,,,,,,
,,,,,,,,,,,,,,
,,,,,,,,,,,,,,
,,,,,,,,,,,,,,
,,,,,,,,,,,,,,
,,,,,,,,,,,,,,
,,,,,,,,,,,,,,
,,,,,,,,,,,,,,
,,,,,,,,,,,,,,
,,,,,,,,,,,,,,
,,,,,,,,,,,,,,
,,,,,,,,,,,,,,
,,,,,,,,,,,,,,
,,,,,,,,,,,,,,
,,,,,,,,,,,,,,
,,,,,,,,,,,,,,
,,,,,,,,,,,,,,
,,,,,,,,,,,,,,
,,,,,,,,,,,,,,
,,,,,,,,,,,,,,
,,,,,,,,,,,,,,
,,,,,,,,,,,,,,
,,,,,,,,,,,,,,
,,,,,,,,,,,,,,
,,,,,,,,,,,,,,
,,,,,,,,,,,,,,
,,,,,,,,,,,,,,
,,,,,,,,,,,,,,
,,,,,,,,,,,,,,
,,,,,,,,,,,,,,
,,,,,,,,,,,,,,
,,,,,,,,,,,,,,
,,,,,,,,,,,,,,
,,,,,,,,,,,,,,
,,,,,,,,,,,,,,
,,,,,,,,,,,,,,
,,,,,,,,,,,,,,
,,,,,,,,,,,,,,
,,,,,,,,,,,,,,
,,,,,,,,,,,,,,
,,,,,,,,,,,,,,
,,,,,,,,,,,,,,
,,,,,,,,,,,,,,
,,,,,,,,,,,,,,
,,,,,,,,,,,,,,
,,,,,,,,,,,,,,
,,,,,,,,,,,,,,
,,,,,,,,,,,,,,
,,,,,,,,,,,,,,
,,,,,,,,,,,,,,
,,,,,,,,,,,,,,
,,,,,,,,,,,,,,
,,,,,,,,,,,,,,
,,,,,,,,,,,,,,
,,,,,,,,,,,,,,
,,,,,,,,,,,,,,
,,,,,,,,,,,,,,
,,,,,,,,,,,,,,
,,,,,,,,,,,,,,
,,,,,,,,,,,,,,
,,,,,,,,,,,,,,
,,,,,,,,,,,,,,
,,,,,,,,,,,,,,
,,,,,,,,,,,,,,
,,,,,,,,,,,,,,
,,,,,,,,,,,,,,
,,,,,,,,,,,,,,
,,,,,,,,,,,,,,
,,,,,,,,,,,,,,
,,,,,,,,,,,,,,
,,,,,,,,,,,,,,
,,,,,,,,,,,,,,
,,,,,,,,,,,,,,
,,,,,,,,,,,,,,
,,,,,,,,,,,,,,
,,,,,,,,,,,,,,
,,,,,,,,,,,,,,
,,,,,,,,,,,,,,
,,,,,,,,,,,,,,
,,,,,,,,,,,,,,
,,,,,,,,,,,,,,
,,,,,,,,,,,,,,
,,,,,,,,,,,,,,
,,,,,,,,,,,,,,
,,,,,,,,,,,,,,
,,,,,,,,,,,,,,
,,,,,,,,,,,,,,
,,,,,,,,,,,,,,
,,,,,,,,,,,,,,
,,,,,,,,,,,,,,
,,,,,,,,,,,,,,
,,,,,,,,,,,,,,
,,,,,,,,,,,,,,
,,,,,,,,,,,,,,
,,,,,,,,,,,,,,
,,,,,,,,,,,,,,
,,,,,,,,,,,,,,
,,,,,,,,,,,,,,
,,,,,,,,,,,,,,
,,,,,,,,,,,,,,
,,,,,,,,,,,,,,
,,,,,,,,,,,,,,
,,,,,,,,,,,,,,
,,,,,,,,,,,,,,
,,,,,,,,,,,,,,
,,,,,,,,,,,,,,
,,,,,,,,,,,,,,
,,,,,,,,,,,,,,
,,,,,,,,,,,,,,
,,,,,,,,,,,,,,
,,,,,,,,,,,,,,
,,,,,,,,,,,,,,
,,,,,,,,,,,,,,
,,,,,,,,,,,,,,
,,,,,,,,,,,,,,
,,,,,,,,,,,,,,
,,,,,,,,,,,,,,
,,,,,,,,,,,,,,
,,,,,,,,,,,,,,
,,,,,,,,,,,,,,
,,,,,,,,,,,,,,
,,,,,,,,,,,,,,
,,,,,,,,,,,,,,
,,,,,,,,,,,,,,
,,,,,,,,,,,,,,
,,,,,,,,,,,,,,
,,,,,,,,,,,,,,
,,,,,,,,,,,,,,
,,,,,,,,,,,,,,
,,,,,,,,,,,,,,
,,,,,,,,,,,,,,
,,,,,,,,,,,,,,
,,,,,,,,,,,,,,
,,,,,,,,,,,,,,
,,,,,,,,,,,,,,
,,,,,,,,,,,,,,
,,,,,,,,,,,,,,
,,,,,,,,,,,,,,
,,,,,,,,,,,,,,
,,,,,,,,,,,,,,
,,,,,,,,,,,,,,
,,,,,,,,,,,,,,
,,,,,,,,,,,,,,
,,,,,,,,,,,,,,
,,,,,,,,,,,,,,
,,,,,,,,,,,,,,
,,,,,,,,,,,,,,
,,,,,,,,,,,,,,
,,,,,,,,,,,,,,
,,,,,,,,,,,,,,
,,,,,,,,,,,,,,
,,,,,,,,,,,,,,
,,,,,,,,,,,,,,
,,,,,,,,,,,,,,
,,,,,,,,,,,,,,
,,,,,,,,,,,,,,
,,,,,,,,,,,,,,
,,,,,,,,,,,,,,
,,,,,,,,,,,,,,
,,,,,,,,,,,,,,
,,,,,,,,,,,,,,
,,,,,,,,,,,,,,
,,,,,,,,,,,,,,
,,,,,,,,,,,,,,
,,,,,,,,,,,,,,
,,,,,,,,,,,,,,
,,,,,,,,,,,,,,
,,,,,,,,,,,,,,
,,,,,,,,,,,,,,
,,,,,,,,,,,,,,
,,,,,,,,,,,,,,
,,,,,,,,,,,,,,
,,,,,,,,,,,,,,
,,,,,,,,,,,,,,
,,,,,,,,,,,,,,
,,,,,,,,,,,,,,
,,,,,,,,,,,,,,
,,,,,,,,,,,,,,
,,,,,,,,,,,,,,
,,,,,,,,,,,,,,
,,,,,,,,,,,,,,
,,,,,,,,,,,,,,
,,,,,,,,,,,,,,
,,,,,,,,,,,,,,
,,,,,,,,,,,,,,
,,,,,,,,,,,,,,
,,,,,,,,,,,,,,
,,,,,,,,,,,,,,
,,,,,,,,,,,,,,
,,,,,,,,,,,,,,
,,,,,,,,,,,,,,
,,,,,,,,,,,,,,
,,,,,,,,,,,,,,
,,,,,,,,,,,,,,
,,,,,,,,,,,,,,
,,,,,,,,,,,,,,
,,,,,,,,,,,,,,
,,,,,,,,,,,,,,
,,,,,,,,,,,,,,
,,,,,,,,,,,,,,
,,,,,,,,,,,,,,
,,,,,,,,,,,,,,
,,,,,,,,,,,,,,
,,,,,,,,,,,,,,
,,,,,,,,,,,,,,
,,,,,,,,,,,,,,
,,,,,,,,,,,,,,
,,,,,,,,,,,,,,
,,,,,,,,,,,,,,
,,,,,,,,,,,,,,
,,,,,,,,,,,,,,
,,,,,,,,,,,,,,
,,,,,,,,,,,,,,
,,,,,,,,,,,,,,
,,,,,,,,,,,,,,
,,,,,,,,,,,,,,
,,,,,,,,,,,,,,
,,,,,,,,,,,,,,
,,,,,,,,,,,,,,
,,,,,,,,,,,,,,
,,,,,,,,,,,,,,
,,,,,,,,,,,,,,
,,,,,,,,,,,,,,
,,,,,,,,,,,,,,
,,,,,,,,,,,,,,
,,,,,,,,,,,,,,
,,,,,,,,,,,,,,
,,,,,,,,,,,,,,
,,,,,,,,,,,,,,
,,,,,,,,,,,,,,
,,,,,,,,,,,,,,
,,,,,,,,,,,,,,
,,,,,,,,,,,,,,
,,,,,,,,,,,,,,
,,,,,,,,,,,,,,
,,,,,,,,,,,,,,
,,,,,,,,,,,,,,
,,,,,,,,,,,,,,
,,,,,,,,,,,,,,
,,,,,,,,,,,,,,
,,,,,,,,,,,,,,
,,,,,,,,,,,,,,
,,,,,,,,,,,,,,
,,,,,,,,,,,,,,
,,,,,,,,,,,,,,
,,,,,,,,,,,,,,
,,,,,,,,,,,,,,
,,,,,,,,,,,,,,
,,,,,,,,,,,,,,
,,,,,,,,,,,,,,
,,,,,,,,,,,,,,
,,,,,,,,,,,,,,
,,,,,,,,,,,,,,
,,,,,,,,,,,,,,
,,,,,,,,,,,,,,
,,,,,,,,,,,,,,
,,,,,,,,,,,,,,
,,,,,,,,,,,,,,
,,,,,,,,,,,,,,
,,,,,,,,,,,,,,
,,,,,,,,,,,,,,
,,,,,,,,,,,,,,
,,,,,,,,,,,,,,
,,,,,,,,,,,,,,
,,,,,,,,,,,,,,
,,,,,,,,,,,,,,
,,,,,,,,,,,,,,
,,,,,,,,,,,,,,
,,,,,,,,,,,,,,
,,,,,,,,,,,,,,
,,,,,,,,,,,,,,
,,,,,,,,,,,,,,
,,,,,,,,,,,,,,
,,,,,,,,,,,,,,
,,,,,,,,,,,,,,
,,,,,,,,,,,,,,
,,,,,,,,,,,,,,
,,,,,,,,,,,,,,
,,,,,,,,,,,,,,
,,,,,,,,,,,,,,
,,,,,,,,,,,,,,
,,,,,,,,,,,,,,
,,,,,,,,,,,,,,
,,,,,,,,,,,,,,
,,,,,,,,,,,,,,
,,,,,,,,,,,,,,
,,,,,,,,,,,,,,
,,,,,,,,,,,,,,
,,,,,,,,,,,,,,
,,,,,,,,,,,,,,
,,,,,,,,,,,,,,
,,,,,,,,,,,,,,
,,,,,,,,,,,,,,
,,,,,,,,,,,,,,
,,,,,,,,,,,,,,
,,,,,,,,,,,,,,
,,,,,,,,,,,,,,
,,,,,,,,,,,,,,
,,,,,,,,,,,,,,
,,,,,,,,,,,,,,
,,,,,,,,,,,,,,
,,,,,,,,,,,,,,
,,,,,,,,,,,,,,
,,,,,,,,,,,,,,
,,,,,,,,,,,,,,
,,,,,,,,,,,,,,
,,,,,,,,,,,,,,
,,,,,,,,,,,,,,
,,,,,,,,,,,,,,
,,,,,,,,,,,,,,
,,,,,,,,,,,,,,
,,,,,,,,,,,,,,
,,,,,,,,,,,,,,
,,,,,,,,,,,,,,
,,,,,,,,,,,,,,
,,,,,,,,,,,,,,
,,,,,,,,,,,,,,
,,,,,,,,,,,,,,
,,,,,,,,,,,,,,
,,,,,,,,,,,,,,
,,,,,,,,,,,,,,
,,,,,,,,,,,,,,
,,,,,,,,,,,,,,
,,,,,,,,,,,,,,
,,,,,,,,,,,,,,
,,,,,,,,,,,,,,
,,,,,,,,,,,,,,
,,,,,,,,,,,,,,
,,,,,,,,,,,,,,
,,,,,,,,,,,,,,
,,,,,,,,,,,,,,
,,,,,,,,,,,,,,
,,,,,,,,,,,,,,
,,,,,,,,,,,,,,
,,,,,,,,,,,,,,
,,,,,,,,,,,,,,
,,,,,,,,,,,,,,
,,,,,,,,,,,,,,
,,,,,,,,,,,,,,
,,,,,,,,,,,,,,
,,,,,,,,,,,,,,
,,,,,,,,,,,,,,
,,,,,,,,,,,,,,
,,,,,,,,,,,,,,
,,,,,,,,,,,,,,
,,,,,,,,,,,,,,
,,,,,,,,,,,,,,
,,,,,,,,,,,,,,
,,,,,,,,,,,,,,
,,,,,,,,,,,,,,
,,,,,,,,,,,,,,
,,,,,,,,,,,,,,
,,,,,,,,,,,,,,
,,,,,,,,,,,,,,
,,,,,,,,,,,,,,
,,,,,,,,,,,,,,
,,,,,,,,,,,,,,
,,,,,,,,,,,,,,
,,,,,,,,,,,,,,
,,,,,,,,,,,,,,
,,,,,,,,,,,,,,
,,,,,,,,,,,,,,
,,,,,,,,,,,,,,
,,,,,,,,,,,,,,
,,,,,,,,,,,,,,
,,,,,,,,,,,,,,
,,,,,,,,,,,,,,
,,,,,,,,,,,,,,
,,,,,,,,,,,,,,
,,,,,,,,,,,,,,
,,,,,,,,,,,,,,
,,,,,,,,,,,,,,
,,,,,,,,,,,,,,
,,,,,,,,,,,,,,
,,,,,,,,,,,,,,
,,,,,,,,,,,,,,
,,,,,,,,,,,,,,
,,,,,,,,,,,,,,
,,,,,,,,,,,,,,
,,,,,,,,,,,,,,
,,,,,,,,,,,,,,
,,,,,,,,,,,,,,
,,,,,,,,,,,,,,
,,,,,,,,,,,,,,
,,,,,,,,,,,,,,
,,,,,,,,,,,,,,
,,,,,,,,,,,,,,
,,,,,,,,,,,,,,
,,,,,,,,,,,,,,
,,,,,,,,,,,,,,
,,,,,,,,,,,,,,
,,,,,,,,,,,,,,
,,,,,,,,,,,,,,
,,,,,,,,,,,,,,
,,,,,,,,,,,,,,
,,,,,,,,,,,,,,
,,,,,,,,,,,,,,
,,,,,,,,,,,,,,
,,,,,,,,,,,,,,
,,,,,,,,,,,,,,
,,,,,,,,,,,,,,
,,,,,,,,,,,,,,
,,,,,,,,,,,,,,
,,,,,,,,,,,,,,
,,,,,,,,,,,,,,
,,,,,,,,,,,,,,
,,,,,,,,,,,,,,
,,,,,,,,,,,,,,
,,,,,,,,,,,,,,
,,,,,,,,,,,,,,
,,,,,,,,,,,,,,
,,,,,,,,,,,,,,
,,,,,,,,,,,,,,
,,,,,,,,,,,,,,
,,,,,,,,,,,,,,
,,,,,,,,,,,,,,
,,,,,,,,,,,,,,
,,,,,,,,,,,,,,
,,,,,,,,,,,,,,
,,,,,,,,,,,,,,
,,,,,,,,,,,,,,
,,,,,,,,,,,,,,
,,,,,,,,,,,,,,
,,,,,,,,,,,,,,
,,,,,,,,,,,,,,
,,,,,,,,,,,,,,
,,,,,,,,,,,,,,
,,,,,,,,,,,,,,
,,,,,,,,,,,,,,
,,,,,,,,,,,,,,
,,,,,,,,,,,,,,
,,,,,,,,,,,,,,
,,,,,,,,,,,,,,
,,,,,,,,,,,,,,
,,,,,,,,,,,,,,
,,,,,,,,,,,,,,
,,,,,,,,,,,,,,
,,,,,,,,,,,,,,
,,,,,,,,,,,,,,
,,,,,,,,,,,,,,
,,,,,,,,,,,,,,
,,,,,,,,,,,,,,
,,,,,,,,,,,,,,
,,,,,,,,,,,,,,
,,,,,,,,,,,,,,
,,,,,,,,,,,,,,
,,,,,,,,,,,,,,
,,,,,,,,,,,,,,
,,,,,,,,,,,,,,
,,,,,,,,,,,,,,
,,,,,,,,,,,,,,
,,,,,,,,,,,,,,
,,,,,,,,,,,,,,
,,,,,,,,,,,,,,
,,,,,,,,,,,,,,
,,,,,,,,,,,,,,
,,,,,,,,,,,,,,
,,,,,,,,,,,,,,
,,,,,,,,,,,,,,
,,,,,,,,,,,,,,
,,,,,,,,,,,,,,
,,,,,,,,,,,,,,
,,,,,,,,,,,,,,
,,,,,,,,,,,,,,
,,,,,,,,,,,,,,
,,,,,,,,,,,,,,
,,,,,,,,,,,,,,
,,,,,,,,,,,,,,
,,,,,,,,,,,,,,
,,,,,,,,,,,,,,
,,,,,,,,,,,,,,
,,,,,,,,,,,,,,
,,,,,,,,,,,,,,
,,,,,,,,,,,,,,
,,,,,,,,,,,,,,
,,,,,,,,,,,,,,
,,,,,,,,,,,,,,
,,,,,,,,,,,,,,
,,,,,,,,,,,,,,
,,,,,,,,,,,,,,
,,,,,,,,,,,,,,
,,,,,,,,,,,,,,
,,,,,,,,,,,,,,
,,,,,,,,,,,,,,
,,,,,,,,,,,,,,
,,,,,,,,,,,,,,
,,,,,,,,,,,,,,
,,,,,,,,,,,,,,
,,,,,,,,,,,,,,
,,,,,,,,,,,,,,
,,,,,,,,,,,,,,
,,,,,,,,,,,,,,
,,,,,,,,,,,,,,
,,,,,,,,,,,,,,
,,,,,,,,,,,,,,
,,,,,,,,,,,,,,
,,,,,,,,,,,,,,
,,,,,,,,,,,,,,
,,,,,,,,,,,,,,
,,,,,,,,,,,,,,
,,,,,,,,,,,,,,
,,,,,,,,,,,,,,
,,,,,,,,,,,,,,
,,,,,,,,,,,,,,
,,,,,,,,,,,,,,
,,,,,,,,,,,,,,
,,,,,,,,,,,,,,
,,,,,,,,,,,,,,
,,,,,,,,,,,,,,
,,,,,,,,,,,,,,
,,,,,,,,,,,,,,
,,,,,,,,,,,,,,
,,,,,,,,,,,,,,
,,,,,,,,,,,,,,
,,,,,,,,,,,,,,
,,,,,,,,,,,,,,
,,,,,,,,,,,,,,
,,,,,,,,,,,,,,
,,,,,,,,,,,,,,
,,,,,,,,,,,,,,
,,,,,,,,,,,,,,
,,,,,,,,,,,,,,
,,,,,,,,,,,,,,
,,,,,,,,,,,,,,
,,,,,,,,,,,,,,
,,,,,,,,,,,,,,
,,,,,,,,,,,,,,
,,,,,,,,,,,,,,
,,,,,,,,,,,,,,
,,,,,,,,,,,,,,
