Item No.,Item name,Patch No.,Ascon code,EXPIRY DATE,Qty,Sales Price,Total Sales Price,Purchase Price,Total Purchase Price,Cost Price ,Tptal Cost Price,vat,total vat,total inc vat
121014680,Nivea Deo Roll On Fresh Comfort 50ml,1,528697,4/30/2026,3.00 ,19,57,12.1,36.3,12.1,36.3,0.15,5.45,41.75
121021186,Nivea Deo Roll On Natural Radiance C E 50ml,1,516022,3/31/2026,2.00 ,19,38,12.85,25.7,12.85,25.7,0.15,3.86,29.56
121021186,Nivea Deo Roll On Natural Radiance C E 50ml,1,547353,7/30/2026,5.00 ,19,95,12.1,60.5,12.1,60.5,0.15,9.08,69.58
121006242,Nivea Deo Silver Protect Spray Men 150ml,1,533298,11/30/2026,2.00 ,23,46,14.9,29.8,14.9,29.8,0.15,4.47,34.27
121006242,Nivea Deo Silver Protect Spray Men 150ml,1,475193,7/31/2025,4.00 ,23,92,15.44,61.76,15.44,61.76,0.15,9.26,71.02
121003199,Nivea Deo Spray Aqua Cool 200ml,1,476552,12/31/2025,4.00 ,26,104,18.16,72.64,18.16,72.64,0.15,10.9,83.54
121017139,Nivea Deo Spray Black Charbon Espresso 150ml,1,533287,11/30/2026,1.00 ,23,23,14.9,14.9,14.9,14.9,0.15,2.24,17.14
121021853,Nivea Deo Spray Black Pearl Beauty 150ml,1,516025,5/30/2026,3.00 ,26,78,17.25,51.75,17.25,51.75,0.15,7.76,59.51
121016951,Nivea Deo Spray Clean Protect With Pure Alum 200ml,1,463044,6/1/2025,1.00 ,26,26,16.24,16.24,16.24,16.24,0.15,2.44,18.68
121018976,Nivea Deo Spray Deep Beats 150ml,55,475194,12/31/2025,1.00 ,23,23,15.4,15.4,15.4,15.4,0.15,2.31,17.71
121018976,Nivea Deo Spray Deep Beats 150ml,1,476529,12/1/2025,1.00 ,23,23,15.4,15.4,15.4,15.4,0.15,2.31,17.71
121016808,Nivea Deo Spray Deep Black Carbon Dark Wood 150ml,1,516013,11/30/2026,2.00 ,23,46,14.85,29.7,14.85,29.7,0.15,4.46,34.16
121016948,Nivea Deo Spray Dry Fresh Men 150ml,3333,448797,11/11/2024,3.00 ,23,69,17,51,11.05,33.15,0.15,4.97,38.12
121016675,Nivea Deo Spray Dry Fresh Women 150ml,1,496387,6/30/2025,3.00 ,23,69,14.9,44.7,14.9,44.7,0.15,6.71,51.41
121015910,Nivea Deo Spray Fresh Comfort 150ml,1,547352,10/31/2026,6.00 ,23,138,14.85,89.1,14.85,89.1,0.15,13.37,102.47
121016310,Nivea Deo Spray Invisible Black & White Silky Smooth 150ml,1,496400,2/1/2026,1.00 ,23,23,14.9,14.9,14.9,14.9,0.15,2.24,17.14
121016310,Nivea Deo Spray Invisible Black & White Silky Smooth 150ml,1,516035,11/1/2026,2.00 ,23,46,14.9,29.8,14.9,29.8,0.15,4.47,34.27
121016949,Nivea Deo Spray Men Frseh Ocean 150ml,1,533296,9/30/2026,2.00 ,23,46,14.85,29.7,14.85,29.7,0.15,4.46,34.16
121021187,Nivea Deo Spray Natural Radiance C E 150ml,1,534972,5/30/2026,2.00 ,26,52,17.25,34.5,17.25,34.5,0.15,5.18,39.68
121021189,Nivea Deo Stick Cool Kick 50ml,1,547354,4/30/2026,6.00 ,28,168,16.2,97.2,16.2,97.2,0.15,14.58,111.78
121021189,Nivea Deo Stick Cool Kick 50ml,1,516027,8/31/2025,1.00 ,28,28,16.2,16.2,16.2,16.2,0.15,2.43,18.63
121021854,Nivea Deo Stick Deep Black Carbon 50ml,1,547355,12/31/2025,6.00 ,28,168,16.2,97.2,16.2,97.2,0.15,14.58,111.78
121021010,Nivea Deo Stick Dry Comfort Female 50ml,1,547356,1/31/2026,6.00 ,28,168,16.2,97.2,16.2,97.2,0.15,14.58,111.78
121021010,Nivea Deo Stick Dry Comfort Female 50ml,1,516029,10/30/2025,2.00 ,28,56,16.2,32.4,16.2,32.4,0.15,4.86,37.26
121020810,Nivea Deo Stick Fresh Active 50ml,1,512709,8/31/2025,1.00 ,28,28,16.2,16.2,16.2,16.2,0.15,2.43,18.63
121020810,Nivea Deo Stick Fresh Active 50ml,1,476530,4/1/2025,1.00 ,23,23,18.16,18.16,18.16,18.16,0.15,2.72,20.88
121020810,Nivea Deo Stick Fresh Active 50ml,1,547357,9/30/2026,6.00 ,28,168,16.2,97.2,16.2,97.2,0.15,14.58,111.78
121021099,Nivea Deo Stick Fresh Natural 50ml,1,546849,8/31/2026,6.00 ,28,168,16.2,97.2,16.2,97.2,0.15,14.58,111.78
121021855,Nivea Deo Stick Natural Fairness 50ml,1,516033,7/30/2025,2.00 ,28,56,16.2,32.4,16.2,32.4,0.15,4.86,37.26
121021855,Nivea Deo Stick Natural Fairness 50ml,1,547358,10/31/2026,6.00 ,28,168,16.2,97.2,16.2,97.2,0.15,14.58,111.78
121021840,Nivea Deo Stick Pearl Beauty 50ml,1,547359,7/31/2026,6.00 ,28,168,16.2,97.2,16.2,97.2,0.15,14.58,111.78
121007853,Nivea Dry Roll-On Men 50ml,1,539081,9/30/2026,1.00 ,19,19,12.1,12.1,12.1,12.1,0.15,1.82,13.92
121017142,Nivea Fresh Cool Shaving Gel 200ml,1,512819,1/31/2025,2.00 ,23,46,16.9,33.8,16.9,33.8,0.15,5.07,38.87
121013789,Nivea Invisible Black & White Fresh Roll On 50ml 70690,1,496398,4/1/2025,1.00 ,19,19,12.25,12.25,12.25,12.25,0.15,1.84,14.09
121016205,Nivea Invisible Black & White Original Spray 150 ml,1,515808,10/31/2026,1.00 ,23,23,14.9,14.9,14.9,14.9,0.15,2.24,17.14
121018836,Nivea Invisible Black & White Roll On Original Men 50ml,1,496399,8/31/2025,1.00 ,19,19,12.25,12.25,12.25,12.25,0.15,1.84,14.09
121016202,Nivea Invisible Black & White Silky Smooth Roll On 50ml,1,534975,3/31/2026,1.00 ,19,19,12,12,12,12,0.15,1.8,13.8
121013299,Nivea Men Cream 150ml 70685,1,515813,6/30/2026,3.00 ,23,69,13.95,41.85,13.95,41.85,0.15,6.28,48.13
121013299,Nivea Men Cream 150ml 70685,1,476555,8/31/2025,5.00 ,23,115,15.37,76.85,15.37,76.85,0.15,11.53,88.38
121013297,Nivea Men Fairness Cream 75ml 70683,1,515814,5/31/2026,1.00 ,13,13,7.69,7.69,7.69,7.69,0.15,1.15,8.84
121012544,Nivea Natural Fairness Body Lotion 250ml 70077,1,512692,9/30/2025,1.00 ,21,21,13.75,13.75,13.75,13.75,0.15,2.06,15.81
121011975,Nivea Natural Fairness Face / Body Cream 200ml 71977,1,464529,8/1/2025,2.00 ,19,38,12.63,25.26,12.63,25.26,0.15,3.79,29.05
121011975,Nivea Natural Fairness Face / Body Cream 200ml 71977,1,515815,12/31/2025,1.00 ,19,19,12.49,12.49,12.49,12.49,0.15,1.87,14.36
121010663,Nivea Natural Fairness Spray Women 150ml,1,496394,4/30/2026,2.00 ,23,46,14.9,29.8,14.9,29.8,0.15,4.47,34.27
121010662,Nivea Natural Fairness Spray Women 200ml,1,539082,10/31/2026,2.00 ,26,52,17.5,35,17.5,35,0.15,5.25,40.25
121010662,Nivea Natural Fairness Spray Women 200ml,1,512811,8/1/2026,1.00 ,26,26,17.5,17.5,17.5,17.5,0.15,2.63,20.13
121012537,Nivea Nourishing Body Lotion 250ml 70053,1,512693,7/31/2026,1.00 ,21,21,12.78,12.78,12.78,12.78,0.15,1.92,14.7
121012536,Nivea Nourishing Body Lotion 400ml 70052,1,512694,8/31/2026,1.00 ,26,26,17.9,17.9,17.9,17.9,0.15,2.69,20.59
121009134,Nivea Pearl Beauty Spray 150 ml 70097,1,546953,8/31/2027,1.00 ,23,23,15.9,15.9,15.9,15.9,0.15,2.39,18.29
121017143,Nivea Protect Care Shaving Gel 200ml,1,512820,1/31/2026,1.00 ,23,23,16.9,16.9,16.9,16.9,0.15,2.54,19.44
121003139,Nivea Q10 Skin Firming Lotion 400 ml,1,500968,1/31/2025,2.00 ,45,90,28.5,57,28.5,57,0.15,8.55,65.55
121014347,Nivea Roll On Cool Kick 50ml,1,523031,4/30/2026,1.00 ,19,19,12.1,12.1,12.1,12.1,0.15,1.82,13.92
121014347,Nivea Roll On Cool Kick 50ml,1,547347,4/1/2026,6.00 ,19,114,12.1,72.6,12.1,72.6,0.15,10.89,83.49
121000837,Nivea Roll On Dry Comfort Female 50ml,1,533466,4/30/2026,8.00 ,19,152,12.1,96.8,12.1,96.8,0.15,14.52,111.32
121000837,Nivea Roll On Dry Comfort Female 50ml,1,496381,5/31/2025,1.00 ,19,19,12.1,12.1,12.1,12.1,0.15,1.82,13.92
121000837,Nivea Roll On Dry Comfort Female 50ml,1,547348,10/31/2026,6.00 ,19,114,12.1,72.6,12.1,72.6,0.15,10.89,83.49
121016294,Nivea Roll On Dry Fresh 50ml,1,547087,11/1/2026,6.00 ,19,114,12.1,72.6,12.1,72.6,0.15,10.89,83.49
121014348,Nivea Roll On Fresh Active 50ml,1,547220,2/28/2027,5.00 ,19,95,12.1,60.5,12.1,60.5,0.15,9.08,69.58
121014349,Nivea Roll On Fresh Natural Female 50ml,1,515440,1/31/2026,2.00 ,19,38,12.1,24.2,12.1,24.2,0.15,3.63,27.83
121014349,Nivea Roll On Fresh Natural Female 50ml,1,530201,4/30/2026,6.00 ,19,114,12.1,72.6,12.1,72.6,0.15,10.89,83.49
121016111,Nivea Roll On Fresh Ocean 50ml,1,516007,12/30/2025,1.00 ,19,19,12.1,12.1,12.1,12.1,0.15,1.82,13.92
121005759,Nivea Roll On Pearl Beauty 50ml,1,547233,4/1/2026,6.00 ,19,114,12.1,72.6,12.1,72.6,0.15,10.89,83.49
121005759,Nivea Roll On Pearl Beauty 50ml,1,547349,1/31/2027,4.00 ,19,76,12.1,48.4,12.1,48.4,0.15,7.26,55.66
121013288,Nivea Roll On Pearl Beauty Women 50ml 70105,1,516024,3/31/2026,1.00 ,19,19,12.85,12.85,12.85,12.85,0.15,1.93,14.78
121014537,Nivea Roll On Protect & Care 50ml,1,496385,8/31/2025,5.00 ,19,95,12.1,60.5,12.1,60.5,0.15,9.08,69.58
121014537,Nivea Roll On Protect & Care 50ml,1,453614,4/1/2025,1.00 ,19,19,11.76,11.76,11.76,11.76,0.15,1.76,13.52
121016707,Nivea Shaving Foam Fresh Cool 200ml,1,515818,7/1/2026,3.00 ,30,90,16.36,49.08,16.36,49.08,0.15,7.36,56.44
121016708,Nivea Shaving Foam Fresh Cool 200ml,1,515819,10/31/2026,3.00 ,30,90,17.9,53.7,17.9,53.7,0.15,8.06,61.76
121016709,Nivea Shaving Foam Sensitive 200ml,1,515508,8/31/2026,1.00 ,30,30,16.36,16.36,16.36,16.36,0.15,2.45,18.81
121017581,Nivea Sheet Mask With Organic Rose Water 1pcs,1,515820,6/30/2025,2.00 ,15,30,8.57,17.14,8.57,17.14,0.15,2.57,19.71
121005749,Nivea Silver Protect Roll on Men 50ml,1,524537,3/30/2026,2.00 ,19,38,12.1,24.2,12.1,24.2,0.15,3.63,27.83
121005729,Nivea Smooth Lotion Triple Action 250ml,rhyh5h,449537,10/30/2024,2.00 ,17,34,17,34,11.05,22.1,0.15,3.32,25.42
121012539,Nivea Smooth Sensation Body Lotion 250ml 70056,1,476528,10/1/2024,2.00 ,21,42,13.61,27.22,13.61,27.22,0.15,4.08,31.3
121012539,Nivea Smooth Sensation Body Lotion 250ml 70056,1,512698,8/31/2026,1.00 ,21,21,12.78,12.78,12.78,12.78,0.15,1.92,14.7
121012963,Nivea Smooth Sensation Body Lotion 400ml 70055,1,512699,3/31/2025,1.00 ,26,26,17.9,17.9,17.9,17.9,0.15,2.69,20.59
121003256,Nivea Soft Cream 100ml,1,512831,6/30/2026,3.00 ,15,45,9.02,27.06,9.02,27.06,0.15,4.06,31.12
121003260,Nivea Soft Cream Jar 50 ml,1,539084,9/30/2026,5.00 ,9,45,5.47,27.35,5.47,27.35,0.15,4.1,31.45
121003260,Nivea Soft Cream Jar 50 ml,1,509012,6/30/2026,2.00 ,9,18,5.47,10.94,5.47,10.94,0.15,1.64,12.58
121017157,Nivea Spray Clean Protect With Pure Alum 150ml,1,516012,7/30/2026,1.00 ,23,23,14.9,14.9,14.9,14.9,0.15,2.24,17.14
111001602,Nizoral 2% 30gm cream,PDB2300,547558,3/31/2027,2.00 ,19.35,38.7,16.13,32.26,16.13,32.26,0,0,32.26
161000282,No Corn Remover 5 Strips,1,516331,12/1/2030,1.00 ,11,11,7,7,7,7,0,0,7
161000282,No Corn Remover 5 Strips,1,501577,9/30/2028,3.00 ,11,33,6,18,6,18,0,0,18
111001606,Nolvadex 10mg 30tab,sl434,538258,5/31/2026,1.00 ,29.1,29.1,29.1,29.1,24.25,24.25,0,0,24.25
111004158,Normalix Sr 105mg/30 Tab,5798,523996,3/1/2025,1.00 ,24.65,24.65,24.65,24.65,18.69,18.69,0,0,18.69
121020969,Normazal Plus 65 ml 23069,1,502429,10/10/2026,4.00 ,40.87,163.48,40.87,163.48,13.14,52.55,0.15,7.88,60.43
111001618,Normoten 100 - 28 tab,5226,549307,10/23/2025,1.00 ,32.85,32.85,32.85,32.85,23,23,0,0,23
111001619,Normoten 50  - 28 tab,5522,536323,10/1/2025,2.00 ,20.5,41,20.5,41,13.14,26.29,0,0,26.29
111001619,Normoten 50  - 28 tab,6515,544954,7/1/2026,1.00 ,20.5,20.5,15.38,15.38,15.38,15.38,0,0,15.38
111001619,Normoten 50  - 28 tab,7537,522220,4/30/2027,2.00 ,20.5,41,20.5,41,13.14,26.28,0,0,26.28
111001623,Nospasm tabs 10mg RMBP   30  p,1155745,531224,4/1/2028,4.00 ,16.25,65,13.54,54.16,13.54,54.16,0,0,54.16
111004244,Nostifix 0.5 mg 2 tab,8427,546168,9/10/2026,2.00 ,37.25,74.5,37.25,74.5,31.04,62.09,0,0,62.09
111001625,No-Uric 100mg Tab,2404507,540970,5/23/2027,1.00 ,16.3,16.3,16.3,16.3,12.91,12.91,0,0,12.91
111001626,No-Uric 300mg Tab,2400836,549306,1/28/2027,4.00 ,8,32,8,32,6.33,25.34,0,0,25.34
131000191,Novalac 1 400g,1,548550,3/1/2026,3.00 ,39.39,118.17,33.48,100.44,33.48,100.44,0.15,15.07,115.51
131000410,Novalac 1 800g,1,548551,8/1/2025,5.00 ,76.42,382.1,64.96,324.78,64.96,324.78,0.15,48.72,373.5
131000433,Novalac Genio 400g,1,515338,2/1/2025,3.00 ,38,114,31.04,93.13,31.04,93.13,0.15,13.97,107.1
131000444,Novalac Genio 800g,1,538587,10/1/2025,2.00 ,70.85,141.7,60.22,120.45,60.22,120.45,0.15,18.07,138.52
131000444,Novalac Genio 800g,1,528273,10/1/2025,2.00 ,70.85,141.7,60.22,120.44,60.22,120.44,0.15,18.07,138.51
131000199,Novalac No 2 400g,1,548552,6/1/2025,3.00 ,39.39,118.17,33.48,100.44,33.48,100.44,0.15,15.07,115.51
131000361,Novalac No 2 800g,1,545387,2/1/2026,5.00 ,76.42,382.1,67,335,67,335,0.15,50.25,385.25
111001632,Novomix 30 Flexpen 100u/ml 5×3ml,pt6cw45s1,528950,11/30/2025,1.40 ,189,264.6,164.35,230.09,164.35,230.09,0,0,230.09
121020086,Now Almond Oil 118ml,1,511099,7/1/2026,2.00 ,30,60,17,34,17,34,0.15,5.1,39.1
121020086,Now Almond Oil 118ml,1,468474,8/1/2025,5.00 ,30,150,15.5,77.5,15.5,77.5,0.15,11.63,89.13
121019711,Now European Clay Powder 170gm,1,444163,9/1/2025,1.00 ,50,50,22,22,22,22,0.15,3.3,25.3
121018393,Now Lavender Oil 30ml,1,469951,7/31/2025,1.00 ,50,50,34.25,34.25,34.25,34.25,0.15,5.14,39.39
121019712,Now Mediteranean Red Clay Powder 170gm,1,444164,9/1/2025,2.00 ,50,100,22,44,22,44,0.15,6.6,50.6
121006138,Nuk Bottle Brush,1,449853,12/1/2030,1.00 ,19,19,19,19,12.35,12.35,0.15,1.85,14.2
121018705,Nunu Baby Bath Blue 500ml,1,448659,5/30/2025,1.00 ,22,22,22,22,14.3,14.3,0.15,2.15,16.45
121015773,Nunu Baby Oil 400ml,1,524907,2/28/2029,2.00 ,19,38,12,24,12,24,0.15,3.6,27.6
121007732,Nunu Baby Powder 100g,1,515913,12/30/2028,7.00 ,10,70,5,35,5,35,0.15,5.25,40.25
121009209,Nunu Baby Powder 200g,1,515914,2/28/2029,9.00 ,14,126,6.5,58.5,6.5,58.5,0.15,8.78,67.28
121009209,Nunu Baby Powder 200g,1,514187,9/26/2027,2.00 ,11,22,6.5,13,6.5,13,0.15,1.95,14.95
121018710,Nunu Baby Powder Pink 200gm,1,449724,6/26/2027,1.00 ,12,12,6.5,6.5,6.5,6.5,0.15,0.98,7.48
121007730,Nunu Baby Shampoo 200ml,1,518850,12/30/2028,1.00 ,11,11,5.1,5.1,5.1,5.1,0.15,0.77,5.87
121007730,Nunu Baby Shampoo 200ml,1,533602,12/31/2028,9.00 ,11,99,5.1,45.9,5.1,45.9,0.15,6.89,52.79
121009207,Nunu Baby Shampoo 400ml,1,514153,2/28/2029,6.00 ,15,90,8.34,50.04,8.34,50.04,0.15,7.51,57.55
121009518,Nunu Baby Shampoo 800ml,1,514155,11/30/2028,4.00 ,30,120,21.5,86,21.5,86,0.15,12.9,98.9
121021986,Nunu Hyd Oil Gel 200ml,1,533603,11/30/2028,6.00 ,23,138,15.1,90.6,15.1,90.6,0.15,13.59,104.19
121021932,Nunu Shampo 750ml,1,524908,2/28/2029,5.00 ,24,120,16,80,16,80,0.15,12,92
131000522,Nuralac No.1 400g,1,483862,5/5/2025,3.00 ,37,111,31.8,95.4,31.8,95.4,0.15,14.31,109.71
131000525,Nuralac No.1 900g,1,521668,10/10/2026,2.00 ,80,160,68.75,137.5,68.75,137.5,0.15,20.63,158.13
131000523,Nuralac No.2 400g,1,492065,4/1/2025,2.00 ,37,74,27,54,27,54,0.15,8.1,62.1
131000523,Nuralac No.2 400g,1,514320,8/8/2025,1.00 ,37,37,31.8,31.8,31.8,31.8,0.15,4.77,36.57
131000526,Nuralac No.2 900g,1,475939,3/30/2025,2.00 ,80,160,59,118,59,118,0.15,17.7,135.7
131000526,Nuralac No.2 900g,1,498622,12/12/2025,1.00 ,80,80,68.75,68.75,68.75,68.75,0.15,10.31,79.06
131000526,Nuralac No.2 900g,1,549132,3/1/2026,1.00 ,80,80,68,68,68,68,0.15,10.2,78.2
131000524,Nuralac No.3 400g,1,507462,4/1/2025,1.00 ,37,37,27,27,27,27,0.15,4.05,31.05
131000524,Nuralac No.3 400g,1,539201,10/10/2026,2.00 ,37,74,31.8,63.6,31.8,63.6,0.15,9.54,73.14
131000527,Nuralac No.3 900g,1,498833,8/8/2025,1.00 ,80,80,68.75,68.75,68.75,68.75,0.15,10.31,79.06
131000527,Nuralac No.3 900g,1,545392,3/1/2026,1.00 ,80,80,68,68,68,68,0.15,10.2,78.2
111003022,Nurofen Paed Syrup 150ml,AGC727,546169,2/1/2027,1.00 ,15.3,15.3,15.3,15.3,12.11,12.11,0,0,12.11
121016451,Nw Styling Gel 200ml,333,515891,3/26/2026,3.00 ,26,78,20,60,20,60,0.15,9,69
121016451,Nw Styling Gel 200ml,1,538963,7/30/2026,2.00 ,26,52,18.35,36.7,18.35,36.7,0.15,5.51,42.21
121003318,NW. Boost  It Volumizing Hair Spray 250 ml,1,510196,4/30/2026,1.00 ,30,30,21.75,21.75,21.75,21.75,0.15,3.26,25.01
121003333,NW.Ultra Strong Power Hold Hair Spray 250 ml,1,546805,5/17/2027,3.00 ,30,90,20.45,61.35,20.45,61.35,0.15,9.2,70.55
121011844,Nyda Plus 100ml,304846,518248,9/1/2026,3.00 ,87,261,87,261,69.6,208.8,0,0,208.8
111004539,Nyda Spray Express 50ml,200582,538180,11/30/2025,6.00 ,59,354,59,354,44.84,269.04,0,0,269.04
111001644,Ocean spray,309540,546170,1/30/2027,2.00 ,45,90,45,90,33.75,67.51,0,0,67.51
111001650,Ocured eye drops,23de02,516846,10/31/2026,9.00 ,8.1,72.9,8.1,72.9,5.67,51.03,0,0,51.03
121017309,Ogx Cond Argan oil Of Morocco Hydra 385ml,1,504602,3/31/2025,1.00 ,65,65,32.25,32.25,32.25,32.25,0.15,4.84,37.09
121017310,Ogx Shampo Argan oil Of Morocco Hydra 385ml,1,500851,2/1/2025,1.00 ,65,65,32.25,32.25,32.25,32.25,0.15,4.84,37.09
121005243,Olay Natural White Day Cream 50ml,1,500730,7/31/2026,1.00 ,23,23,14,14,14,14,0.15,2.1,16.1
121005243,Olay Natural White Day Cream 50ml,1,546719,10/1/2026,3.00 ,23,69,12.9,38.7,12.9,38.7,0.15,5.81,44.51
121003368,Olay Natural White Face Wash 100 ml,1,547866,1/31/2027,3.00 ,23,69,12.9,38.7,12.9,38.7,0.15,5.81,44.51
121003370,Olay Natural White Night Cream 50 ml,1,515994,7/31/2026,2.00 ,23,46,14,28,14,28,0.15,4.2,32.2
111003754,Olazine 2.5mg Tab,23dd27,507998,6/30/2026,3.00 ,74,222,74,222,55.98,167.95,0,0,167.95
111003685,Olazine 5mg 28Tab,23dg41,507999,10/31/2026,2.00 ,148.05,296.1,148.05,296.1,117.16,234.31,0,0,234.31
111001658,Olfen  Gel 50g,44123,536728,1/31/2027,3.00 ,13.85,41.55,13.85,41.55,9.62,28.86,0,0,28.86
111001663,Olfen 50mg 20tab,22111811,531227,9/22/2027,1.00 ,12.4,12.4,9.82,9.82,9.82,9.82,0,0,9.82
111003943,Olfen Patch 140mg,A15,539908,11/30/2025,1.00 ,36.3,36.3,36.3,36.3,30.25,30.25,0,0,30.25
111001665,Olmetec 20mg 28 tab,F230822,540971,9/30/2027,1.00 ,62.45,62.45,62.45,62.45,45.28,45.28,0,0,45.28
111001666,Olmetec 40mg 28 tab,1,447252,1/30/2025,2.00 ,83.15,166.3,83.15,166.3,54.05,108.1,0,0,108.1
111001667,Olmetec Plus 20mg/12.5mg  28 tab,f230828,512679,10/31/2027,1.00 ,65.6,65.6,65.6,65.6,51.91,51.91,0,0,51.91
111001668,Olmetec Plus 40mg/12.5mg  28 tab,F230890,540972,10/31/2027,1.00 ,87.3,87.3,87.3,87.3,68.32,68.32,0,0,68.32
111001668,Olmetec Plus 40mg/12.5mg  28 tab,f230313,512650,4/30/2027,1.00 ,87.3,87.3,87.3,87.3,69.08,69.08,0,0,69.08
111001669,Olmetec Plus 40mg/25mg  28 tab,F230303,543891,4/30/2027,1.00 ,87.3,87.3,87.3,87.3,66.05,66.05,0,0,66.05
111001670,Olopat 0.1% Opthalmic sol . 5ml/bt.,aa0352,474708,1/31/2026,1.00 ,22.05,22.05,22.05,22.05,15.44,15.44,0,0,15.44
111003944,Olopat U.D 0.1% Eye Drops Solution,BA0206,535702,1/31/2026,1.00 ,58.7,58.7,58.7,58.7,48.92,48.92,0,0,48.92
111003696,Omacillin 500mg 20 Cap,324315,540973,6/1/2027,3.00 ,9.9,29.7,9.9,29.7,4.95,14.85,0,0,14.85
111004793,Omega 3 Fort 30 Caps,l3355,548432,6/30/2027,3.00 ,85,255,85,255,34,102,0,0,102
111004738,Omega 3-6-9 30 pcs,eb01-0351,520698,11/30/2025,5.00 ,109.95,549.75,109.95,549.75,65.97,329.85,0,0,329.85
111001680,Omiz  20 mg  14  tab,4NQ381,545632,4/1/2026,2.00 ,45.95,91.9,45.95,91.9,28.72,57.44,0,0,57.44
151000723,Omron -RX Classic Mashin,1,414576,12/1/2030,1.00 ,245,245,145,145,145,145,0,0,145
121014993,One Hair Removal Cream For Dry Skin 90g,1,505294,3/30/2026,6.00 ,14,84,14,84,14,84,0.15,12.6,96.6
121016185,One Hair Removal Cream For Sensitive Skin 140g,1,462989,1/1/2025,3.00 ,15,45,10.75,32.25,10.75,32.25,0.15,4.84,37.09
121021437,One Hair Remover Cream Honey Dry Skin 140gm,1,505296,5/30/2026,6.00 ,16,96,16,96,16,96,0.15,14.4,110.4
121021435,One Hair Remover Cream Shower Chamomile Sensitive 140gm,1,505297,6/30/2026,3.00 ,16,48,16,48,16,48,0.15,7.2,55.2
121021436,One Hair Remover Cream Shower Normal lanolin 140gm,1,505298,5/30/2026,9.00 ,16,144,16,144,16,144,0.15,21.6,165.6
121021438,One Hair Remover Cream Shower Sensitive Lanolin 90gm,1,505300,3/30/2026,3.00 ,14,42,14,42,14,42,0.15,6.3,48.3
121020798,One HR Remov Cream Shwer Normal Lanolin 90gm,1,505299,5/30/2026,6.00 ,14,84,14,84,14,84,0.15,12.6,96.6
151001590,One Touch Verio Test Strips 50 Pcs,1,541013,6/6/2025,1.00 ,137,137,90,90,90,90,0,0,90
121006456,Oppo 1001 S/S Ankle Support,1,252048,12/1/2030,2.00 ,31,62,31,62,20.15,40.3,0,0,40.3
121006456,Oppo 1001 S/S Ankle Support,9999999999,233987,12/1/2030,1.00 ,29,29,20.3,20.3,18.85,18.85,0,0,18.85
121006463,Oppo 1064 L/S Sacro Lumber Su,1,252109,12/1/2030,1.00 ,126,126,126,126,81.9,81.9,0,0,81.9
121007249,Oppo 1082 Wrist Splint L,1,274045,12/1/2030,1.00 ,54,54,54,54,35.1,35.1,0,0,35.1
121007249,Oppo 1082 Wrist Splint L,1,300671,12/1/2030,1.00 ,64,64,64,64,41.6,41.6,0,0,41.6
151001465,Oppo 1088 L/S Wrist Thumb Sup,1,252085,12/1/2030,1.00 ,54,54,54,54,35.35,35.35,0,0,35.35
121012575,Oppo 1409 M/S Silicon Ankle,1,294351,12/1/2030,1.00 ,42,42,42,42,27.3,27.3,0,0,27.3
121006473,Oppo 2001 M/S Silicon Ankle,1,252041,12/1/2030,1.00 ,26,26,26,26,16.9,16.9,0,0,16.9
151001116,Oppo 2021 L/S Open Patella Kne,1,252092,12/1/2030,1.00 ,31,31,31,31,20.15,20.15,0,0,20.15
121011132,Oppo 2064 XL/S Lumbar Sac Sup,1,300507,12/1/2030,1.00 ,260,260,260,260,169,169,0,0,169
151001103,Oppo 2082 M/S Splint Wrist Bra,1,252117,12/1/2030,1.00 ,54,54,54,54,35.1,35.1,0,0,35.1
151001121,Oppo 2162 L/S Abdominal Binder,1,303965,12/1/2030,1.00 ,98,98,98,98,63.7,63.7,0,0,63.7
151001119,Oppo 2162 S/S Abdominal Binder,1,300515,12/1/2030,3.00 ,98,294,98,294,63.7,191.1,0,0,191.1
151001122,Oppo 2162 XL/S Abdominal Bilt,1,305788,12/1/2030,1.00 ,98,98,98,98,63.7,63.7,0,0,63.7
121011862,Oppo 2164 L/S Sacro Lumbar Sup,1,300669,12/1/2030,1.00 ,179,179,179,179,116.35,116.35,0,0,116.35
151001100,Oppo 2184 S/S Wrist Thumb Bra,1,252038,12/1/2030,1.00 ,26,26,26,26,16.91,16.91,0,0,16.91
151001109,Oppo 2201 S/S Ankle Brace,1,252091,12/1/2030,1.00 ,26,26,26,26,16.91,16.91,0,0,16.91
151001109,Oppo 2201 S/S Ankle Brace,9999999999,214535,12/1/2030,1.00 ,26,26,26,26,16.9,16.9,0,0,16.9
151001095,Oppo 2264 9 L/S Sacro Lumb Sup,9999999999,164021,12/1/2030,1.00 ,120,120,120,120,78,78,0,0,78
151001095,Oppo 2264 9 L/S Sacro Lumb Sup,1,300506,12/1/2030,5.00 ,159,795,159,795,103.35,516.75,0,0,516.75
151001097,Oppo 2281 M/S Wrist Support,1,294333,12/1/2030,1.00 ,16,16,16,16,10.4,10.4,0,0,10.4
121006459,Oppo 2800 S/S Compression Sto,9999999999,182506,12/1/2030,1.00 ,45,45,45,45,33.75,33.75,0,0,33.75
121011865,Oppo 2802 S Knee High C Stock,1,283925,12/1/2030,2.00 ,68,136,68,136,44.2,88.4,0,0,88.4
121011626,Oppo 2802 vl/s knee h/c stock,1,280210,12/1/2030,1.00 ,106,106,106,106,68.9,68.9,0,0,68.9
121012571,Oppo 2821 Men L/S Compression,1,294327,12/1/2030,1.00 ,45,45,45,45,29.25,29.25,0,0,29.25
121012571,Oppo 2821 Men L/S Compression,1,300658,12/1/2030,1.00 ,82,82,82,82,53.3,53.3,0,0,53.3
121006458,Oppo 2840 S/S Compression Sto,1,294355,12/1/2030,2.00 ,136,272,136,272,88.4,176.8,0,0,176.8
121011858,Oppo 2882 V/S Compres Pantyh,1,283909,12/1/2030,1.00 ,168,168,168,168,109.2,109.2,0,0,109.2
121011858,Oppo 2882 V/S Compres Pantyh,1,300660,12/1/2030,1.00 ,168,168,168,168,109.2,109.2,0,0,109.2
121007248,Oppo 3973 Cold Hot Pack,9999999999,204714,12/1/2030,2.00 ,20,40,20,40,0,0,0.15,0,0
121007397,Oppo 4062 Maternity Belt,1,449332,12/1/2030,1.00 ,100,100,100,100,64,64,0,0,64
121008161,Oppo 4080 ARM Immobilizer S,1,283920,12/1/2030,1.00 ,114,114,114,114,74.1,74.1,0,0,74.1
121007251,Oppo 4090 Rigid Adjustable Collar L,1,289911,12/1/2030,1.00 ,58,58,58,58,37.7,37.7,0,0,37.7
121007553,Oppo 4092 L/S Cervical Collar,1,294359,12/1/2030,2.00 ,55,110,55,110,39.6,79.2,0,0,79.2
121006462,Oppo 4094 S/S Rigid Coller,1,294358,12/1/2030,2.00 ,76,152,76,152,49.4,98.8,0,0,98.8
121005811,OPPO Compression stocking call,9999999999,206201,12/1/2030,1.00 ,80,80,80,80,56.8,56.8,0,0,56.8
151001710,Opsite Post Op 9.5x8.5cm,1,447830,3/1/2025,13.00 ,10,130,10,130,6.5,84.5,0.15,12.68,97.18
111001696,Optidex - T - Sterile oph. susp. 5ml/bt,AN0024,531232,11/30/2025,2.00 ,19.95,39.9,13.97,27.94,13.97,27.94,0,0,27.94
111001696,Optidex - T - Sterile oph. susp. 5ml/bt,AN0192,528099,12/31/2025,2.00 ,19.95,39.9,19.95,39.9,14.46,28.91,0,0,28.91
111001696,Optidex - T - Sterile oph. susp. 5ml/bt,BC0065,536339,2/28/2026,4.00 ,19.95,79.8,19.95,79.8,14.46,57.83,0,0,57.83
111001697,Optiflox opthalmic solu. 5ml/bt,AN0188,546171,12/13/2025,2.00 ,12.8,25.6,12.8,25.6,8.96,17.92,0,0,17.92
111001700,Optifresh  Opthalmic sol 10ml/bottle,al0244,522627,10/31/2026,3.00 ,19,57,19,57,13.77,41.3,0,0,41.3
111001700,Optifresh  Opthalmic sol 10ml/bottle,BD0119,540974,4/13/2027,3.00 ,19,57,19,57,13.3,39.9,0,0,39.9
161000007,Optima A/D Miswak T/P 100ml,1,528710,2/23/2026,3.00 ,28,84,15.79,47.37,15.79,47.37,0.15,7.11,54.48
121016375,Optima A/D Pomegranate T/P 100ml,1,528711,11/13/2026,6.00 ,28,168,15.79,94.74,15.79,94.74,0.15,14.21,108.95
121016375,Optima A/D Pomegranate T/P 100ml,1,539000,4/10/2027,3.00 ,28,84,15.79,47.37,15.79,47.37,0.15,7.11,54.48
161000010,Optima A/D Senstive T/P 50ml,1,513097,11/12/2026,1.00 ,16,16,10.26,10.26,10.26,10.26,0.15,1.54,11.8
121006083,Optima A/D Triple Action Mouth Wash 250ml,1,515764,3/14/2026,4.00 ,26,104,15.34,61.36,15.34,61.36,0,0,61.36
121006083,Optima A/D Triple Action Mouth Wash 250ml,1,538997,3/13/2027,5.00 ,26,130,14.3,71.5,14.3,71.5,0,0,71.5
121006174,Optima A/D Triple Action T.P 100ml,1,538998,4/15/2027,3.00 ,28,84,15.79,47.37,15.79,47.37,0.15,7.11,54.48
121006174,Optima A/D Triple Action T.P 100ml,1,528712,11/6/2026,1.00 ,28,28,15.79,15.79,15.79,15.79,0.15,2.37,18.16
161000008,Optima A/D Triple Action T/P 50ml,1,528713,11/11/2026,4.00 ,16,64,9.56,38.24,9.56,38.24,0.15,5.74,43.98
161000004,Optima A/D Whitening T/P 100ml,1,528714,10/20/2026,1.00 ,28,28,15.79,15.79,15.79,15.79,0.15,2.37,18.16
161000004,Optima A/D Whitening T/P 100ml,1,538999,3/14/2027,5.00 ,28,140,15.79,78.95,15.79,78.95,0.15,11.84,90.79
161000009,Optima A/D Whitening T/P 50ml,1,539001,4/29/2026,3.00 ,16,48,9.56,28.68,9.56,28.68,0.15,4.3,32.98
161000009,Optima A/D Whitening T/P 50ml,1,528715,11/8/2026,1.00 ,16,16,9.56,9.56,9.56,9.56,0.15,1.43,10.99
121018698,Optima T.P Aloe Vera Anti Staining Smokers 100ml,1,525069,11/7/2026,3.00 ,28,84,15.79,47.37,15.79,47.37,0.15,7.11,54.48
121021223,Optima T/P Charcoal +TTo 100ml,1,525071,11/8/2026,3.00 ,30,90,17.19,51.57,17.19,51.57,0.15,7.74,59.31
111001706,Optipred 1% opthalmic Susp. 5ml /bottle,AD0121,477772,3/1/2025,2.00 ,14.45,28.9,14.45,28.9,10.47,20.94,0,0,20.94
111001706,Optipred 1% opthalmic Susp. 5ml /bottle,ae0333,544901,5/31/2025,2.00 ,14.45,28.9,10.48,20.96,10.48,20.96,0,0,20.96
111001708,Optizolin opthalmic solution 10ml/bottle,bb0086,549182,2/6/2026,7.00 ,9,63,9,63,5.18,36.23,0,0,36.23
121020962,Orahix Mouth Wash 300 ml 2080,1,502424,4/4/2025,2.00 ,38,76,38,76,12.44,24.87,0,0,24.87
121001740,Oral B D/Floss Satin Floss 25m 34070,1,450554,7/7/2024,1.00 ,15,15,10.75,10.75,10.75,10.75,0,0,10.75
121008419,Oral B D/Floss Unwaxed 34060,1,501032,4/30/2025,1.00 ,15,15,7.95,7.95,7.95,7.95,0,0,7.95
121018570,Oral B D/Floss Waxed Mint,1,485496,11/30/2026,2.00 ,15,30,7.95,15.9,7.95,15.9,0,0,15.9
121018570,Oral B D/Floss Waxed Mint,1,449618,12/1/2030,1.00 ,18.4,18.4,18.4,18.4,11.96,11.96,0,0,11.96
121003418,Oral B Mickey T/B Kids 34032,1,496441,10/31/2027,1.00 ,7,7,3.9,3.9,3.9,3.9,0,0,3.9
121003419,Oral B New Interdent Kit 34050,1,449600,12/1/2030,1.00 ,18.5,18.5,18.5,18.5,12.03,12.03,0,0,12.03
121021202,Oral B Oral Whole Mouth Care 1+1 6690,1,504610,12/1/2030,1.00 ,60,60,42,42,42,42,0,0,42
121021101,Oral -B Pro Expert Sensitive Gentle Whitening 75ml,1,488962,11/30/2024,1.00 ,28,28,18,18,18,18,0.15,2.7,20.7
121015495,Oral B T.B 3 Effect Classic 40 Soft 2+1,1,472955,12/1/2030,11.00 ,12,132,4.73,52.03,4.73,52.03,0,0,52.03
121015845,Oral B T.B Ultrathin Precision Clean 18mm Extra Soft 34266,1,547415,12/1/2030,11.00 ,26,286,6.5,71.5,6.5,71.5,0,0,71.5
121009521,Oral B T/B Classic 3 Effect 40 Medium 34232,1,475437,12/1/2030,9.00 ,7,63,2.4,21.6,2.4,21.6,0,0,21.6
121018304,Oral b Tb Fresh 40 Medium,1,488902,11/30/2027,4.00 ,12,48,6.53,26.12,6.53,26.12,0,0,26.12
121017074,Oral B Tooth Brush Power Set 5377,1,435039,2/28/2026,1.00 ,250,250,186,186,186,186,0,0,186
121009243,Oral B Vision 3 Effmaxiclean 40 Medium 34745,1,547413,12/1/2030,12.00 ,10,120,5.25,63,5.25,63,0,0,63
121019645,Oral-b T/P Baby 0-2 Years 75ml,1,539160,2/28/2027,4.00 ,20,80,12.75,51,12.75,51,0.15,7.65,58.65
121019645,Oral-b T/P Baby 0-2 Years 75ml,1,496440,3/31/2026,1.00 ,20,20,12.75,12.75,12.75,12.75,0.15,1.91,14.66
121022250,Oral-B TB Max Clean 40Med 1+1,1,547414,12/1/2030,10.00 ,13,130,5.25,52.5,5.25,52.5,0,0,52.5
121018072,Oral-b Vitality 3d White Power 1515,3333,510944,5/31/2028,1.00 ,145,145,112.5,112.5,112.5,112.5,0,0,112.5
111004797,Oratane 20mg 30 Caps,c4272,548725,11/30/2026,4.00 ,61.6,246.4,61.6,246.4,42.78,171.14,0,0,171.14
111002934,Ors 30 mg 10 Sachet,424013,540975,8/1/2027,1.00 ,7.75,7.75,7.75,7.75,6.46,6.46,0,0,6.46
111001729,Osteocare Calcium 30 tab,OE2427A,540624,1/1/2027,12.00 ,21,252,21,252,17.5,210.02,0,0,210.02
111001731,Osteocare Syrup,31104,528909,6/1/2025,2.00 ,17,34,14.17,28.34,14.17,28.34,0,0,28.34
121020892,Otosan Ear Drops 10ml,1,504334,4/30/2025,1.00 ,39,39,39,39,25.35,25.35,0,0,25.35
111004391,Otosan Ear Spr 50ml 0097,S0143,535703,12/31/2027,3.00 ,44.5,133.5,44.5,133.5,26.7,80.1,0,0,80.1
111004391,Otosan Ear Spr 50ml 0097,1,494142,9/1/2027,1.00 ,44.5,44.5,44.5,44.5,28.93,28.93,0,0,28.93
111004393,Otosan Nasal Spy Forte 30ml 0110,1,504336,5/31/2025,1.00 ,49.5,49.5,49.5,49.5,32.18,32.18,0,0,32.18
111004394,Otosan Nasal Wash 30 Sach 0165,NW186,547657,1/30/2027,1.00 ,49.5,49.5,29.7,29.7,29.7,29.7,0,0,29.7
111001738,Otrivin 0.1% Adult Nasal Drop 10ml,YS3V,547658,2/28/2027,4.00 ,11.05,44.2,9.21,36.84,9.21,36.84,0,0,36.84
111001739,Otrivin 0.5% Pead Drops,XF8G,537780,1/30/2027,13.00 ,10.1,131.3,10.1,131.3,8.42,109.41,0,0,109.41
111001741,Otrivin Menthol Nasal Spray 10 ml,6r7v,549183,3/31/2026,5.00 ,16.55,82.75,16.55,82.75,13.79,68.96,0,0,68.96
111001742,Otrivin Nasal  Spray 10ml,Y69P,537782,2/28/2027,14.00 ,16.55,231.7,16.55,231.7,13.79,193.08,0,0,193.08
121014297,ove Oil Replacment Nourshing Care  350 ml,1,472674,6/30/2025,1.00 ,22,22,15.18,15.18,15.18,15.18,0.15,2.28,17.46
111004745,Ovitrelle 250mg Inj,ba091441,524295,3/31/2025,1.00 ,146.37,146.37,146.37,146.37,127.28,127.28,0,0,127.28
121016935,Oxidize Hydrogen Per 6% 60ml,1,516329,12/1/2030,6.00 ,11,66,5.5,33,5.5,33,0.15,4.95,37.95
111004085,OZEMPIC .025 MG (2MG/1.5 ML,np5f866,522567,12/30/2025,2.00 ,380.6,761.2,380.6,761.2,346,692.01,0,0,692.01
111004030,Ozempic 0.5mg,np5j475,522568,4/30/2026,2.00 ,380.6,761.2,380.6,761.2,346,692.01,0,0,692.01
111004411,Ozempic 1mg Once Weekly 1Pen,PP5L088,538114,10/30/2026,1.00 ,380.6,380.6,380.6,380.6,346,346,0,0,346
121020617,Palmers Bergamot Formula Cream 150gm,1,525078,12/1/2025,2.00 ,23,46,14.5,29,14.5,29,0.15,4.35,33.35
121003456,Palmers CBF Cream Jar 7.25 oz,1,456346,3/31/2025,2.00 ,45,90,35,70,35,70,0.15,10.5,80.5
121003461,Palmers Formula Nursing Cream,1,500677,8/31/2025,2.00 ,31,62,21.25,42.5,21.25,42.5,0.15,6.38,48.88
121003461,Palmers Formula Nursing Cream,1,534079,2/28/2026,3.00 ,31,93,20.5,61.5,20.5,61.5,0.15,9.23,70.73
121014670,Palmers Hair Food Foemula 250 g,1,509133,11/30/2025,1.00 ,34,34,24.09,24.09,24.09,24.09,0.15,3.61,27.7
121014567,Palmers Hair Food Formula 150g,1,515768,11/30/2025,2.00 ,21,42,16.15,32.3,16.15,32.3,0.15,4.85,37.15
121014800,Palmers Hair Food Formula Anti Dandurff 150g,1,485372,12/31/2025,1.00 ,22,22,16.25,16.25,16.25,16.25,0.15,2.44,18.69
121017590,Palmers Hair Light Cream 150gm,1,525079,2/1/2026,1.00 ,21,21,14.5,14.5,14.5,14.5,0.15,2.18,16.68
121001912,Palmers Hair Silk Jar 150g,1,501853,11/30/2025,2.00 ,38,76,29.3,58.6,29.3,58.6,0.15,8.79,67.39
121006814,Palmers Massage Cream Stretch Mark 125g,1,534080,3/28/2026,5.00 ,39,195,26.5,132.5,26.5,132.5,0.15,19.88,152.38
121018290,Palmers Post Natal Firming q10 Lotion 250ml,1,472820,3/31/2025,1.00 ,35,35,27.49,27.49,27.49,27.49,0.15,4.12,31.61
141000737,Pampers  2  2x84 Premium Care,1,480445,8/1/2027,2.00 ,83,166,59,118,59,118,0.15,17.7,135.7
141000675,Pampers  2  4x46 Premium Care,1,524111,12/1/2030,2.00 ,41,82,28.75,57.5,28.75,57.5,0.15,8.63,66.13
141000131,Pampers  3  2x68x52,1,546537,9/30/2027,2.00 ,81,162,60.8,121.6,60.8,121.6,0.15,18.24,139.84
141000131,Pampers  3  2x68x52,1,533366,8/1/2027,1.00 ,81,81,55,55,55,55,0.15,8.25,63.25
141000157,Pampers  3  2x88x65,1,498567,12/1/2030,1.00 ,91,91,62,62,62,62,0.15,9.3,71.3
141000677,Pampers  3  4x25 Premium Care,1,448130,1/1/2024,1.00 ,35,35,33,33,21.45,21.45,0.15,3.22,24.67
141000678,Pampers  4  2x54 Premium Care,1,546542,7/1/2027,2.00 ,83,166,69.25,138.5,69.25,138.5,0.15,20.78,159.28
141000132,Pampers  4  2x60x52,1,510421,12/1/2030,1.00 ,81,81,55,55,55,55,0.15,8.25,63.25
141000132,Pampers  4  2x60x52,1,546538,8/5/2027,2.00 ,81,162,60.8,121.6,60.8,121.6,0.15,18.24,139.84
141000679,Pampers  4  4x23 Premium Care,1,498564,12/1/2030,2.00 ,41,82,28.75,57.5,28.75,57.5,0.15,8.63,66.13
141000263,Pampers  4 2x76x65,1,487263,12/1/2030,3.00 ,91,273,62,186,62,186,0.15,27.9,213.9
141000269,Pampers  5  2x52x52,1,546539,10/3/2027,1.00 ,81,81,60.8,60.8,60.8,60.8,0.15,9.12,69.92
141000477,Pampers  5  2x56 Premium Care,1,480449,8/1/2027,3.00 ,93,279,70,210,70,210,0.15,31.5,241.5
141000644,Pampers  6  2x36 Premium Care,1,494015,12/1/2030,2.00 ,83,166,59,118,59,118,0.15,17.7,135.7
141000694,Pampers  6  2x42 Premium Care,1,463836,12/1/2030,1.00 ,93,93,69.5,69.5,69.5,69.5,0.15,10.43,79.93
141000704,Pampers 2  2x84,1,510420,12/1/2030,1.00 ,81,81,55,55,55,55,0.15,8.25,63.25
141000753,Pampers 2x58 5+,1,454302,12/1/2030,1.00 ,82,82,52.5,52.5,52.5,52.5,0.15,7.88,60.38
141000837,Pampers 3 8x12,1,494016,12/1/2030,5.00 ,15.5,77.5,9.75,48.75,9.75,48.75,0.15,7.31,56.06
141000727,Pampers 3x44 Jumbo No 5+,1,454310,12/1/2030,1.00 ,63,63,46.67,46.67,46.67,46.67,0.15,7,53.67
141000835,Pampers 4 8x11,1,520059,12/1/2030,5.00 ,15.5,77.5,9.75,48.75,9.75,48.75,0.15,7.31,56.06
141000138,Pampers 5  2x70x65,1,487260,12/1/2030,1.00 ,91,91,62,62,62,62,0.15,9.3,71.3
141000439,Pampers Baby Wipes 12x56,1,453009,12/1/2030,1.00 ,14,14,7.5,7.5,7.5,7.5,0.15,1.13,8.63
121021868,Pampers Baby Wipes Compete Clean 192 pcs,1,517685,4/10/2026,1.00 ,38,38,23.2,23.2,23.2,23.2,0.15,3.48,26.68
141000686,Pampers Cullotte  5  2x48,1,484050,12/1/2030,2.00 ,83,166,56,112,56,112,0.15,16.8,128.8
141000797,Pampers Cullotte No 4 2x66,1,546519,5/15/2027,2.00 ,85,170,69.85,139.7,69.85,139.7,0.15,20.96,160.66
141000798,Pampers Cullotte No 5 2x56,1,504341,12/1/2030,1.00 ,85,85,60,60,60,60,0.15,9,69
141000798,Pampers Cullotte No 5 2x56,1,546541,4/1/2027,2.00 ,85,170,69.85,139.7,69.85,139.7,0.15,20.96,160.66
141000775,Pampers Mega No 7 2x44,1,546540,6/5/2027,2.00 ,96,192,63,126,63,126,0.15,18.9,144.9
141000828,Pampers No 5 8x9,1,494006,12/1/2030,1.00 ,15.5,15.5,9.75,9.75,9.75,9.75,0.15,1.46,11.21
141000828,Pampers No 5 8x9,1,487273,12/1/2030,5.00 ,14,70,9.75,48.75,9.75,48.75,0.15,7.31,56.06
141000827,Pampers No 6 8x8,1,538025,12/1/2030,7.00 ,15.5,108.5,10.13,70.88,10.13,70.88,0.15,10.63,81.51
141000747,Pampers Premium Care 5  4x20,1,510431,12/1/2030,3.00 ,41,123,28.75,86.25,28.75,86.25,0.15,12.94,99.19
111001750,Panadol 500mg Tabe (Bule),RV2C,537775,8/30/2027,16.00 ,5.8,92.8,5.8,92.8,4.83,77.33,0,0,77.33
111001750,Panadol 500mg Tabe (Bule),GJ8G,526198,6/6/2027,17.00 ,5.8,98.6,5.8,98.6,4.83,82.16,0,0,82.16
111001752,Panadol Actifast Film Coated tabs B,WF6P,537779,10/30/2026,36.00 ,9.15,329.4,9.15,329.4,7.62,274.49,0,0,274.49
111001752,Panadol Actifast Film Coated tabs B,g75v,519576,8/1/2025,10.00 ,9.15,91.5,9.15,91.5,7.62,76.25,0,0,76.25
111001752,Panadol Actifast Film Coated tabs B,573E,487286,2/28/2026,2.00 ,9.15,18.3,9.15,18.3,7.62,15.25,0,0,15.25
111001752,Panadol Actifast Film Coated tabs B,8h4n,506325,2/28/2026,4.00 ,9.15,36.6,9.15,36.6,7.62,30.5,0,0,30.5
111003217,Panadol Advance 500mg 24Tab,759s,519572,3/1/2025,77.00 ,6.05,465.85,6.05,465.85,5.04,388.19,0,0,388.19
111003015,Panadol Baby Infant Susp 100ml,C579,546172,4/30/2026,1.00 ,6.9,6.9,6.9,6.9,5.75,5.75,0,0,5.75
111003015,Panadol Baby Infant Susp 100ml,C577,487282,4/30/2026,5.00 ,6.9,34.5,6.9,34.5,5.75,28.75,0,0,28.75
111002649,Panadol Cold Flu (Day) 24Cap,7l5k,545972,2/28/2026,20.00 ,12.3,246,12.3,246,10.25,205.02,0,0,205.02
111001753,Panadol Cold Flu 24Cap (Green),VE4S,537776,1/30/2026,21.00 ,12.3,258.3,12.3,258.3,10.25,215.24,0,0,215.24
111001754,Panadol Extend 18 Tab,VE6C-A,537778,2/28/2026,10.00 ,15.75,157.5,15.75,157.5,13.12,131.24,0,0,131.24
111001754,Panadol Extend 18 Tab,r93e,519575,12/1/2025,2.00 ,15.75,31.5,15.75,31.5,13.12,26.25,0,0,26.25
111001755,Panadol Extra 24 tab,5k5m,548236,10/10/2027,10.00 ,8,80,8,80,6.67,66.66,0,0,66.66
111001755,Panadol Extra 24 tab,TA5J,537774,9/30/2027,16.00 ,8,128,8,128,6.67,106.66,0,0,106.66
111001756,Panadol Night Caplet box/20,225a,549184,12/31/2025,26.00 ,11.6,301.6,11.6,301.6,9.67,251.35,0,0,251.35
111004767,Panadol Pana Natural Cough Syrup 128gm,24e0833,537784,10/30/2026,1.00 ,48,48,32.5,32.5,32.5,32.5,0,0,32.5
111004767,Panadol Pana Natural Cough Syrup 128gm,24g0597,548430,12/12/2026,6.00 ,48,288,32.5,195,32.5,195,0,0,195
111001757,Panadol sinus Caplets box/24,ea895,538029,6/30/2027,22.00 ,13.6,299.2,13.6,299.2,11.33,249.32,0,0,249.32
111001758,Panadrex 500 mg 24 Tab,OT242,540976,4/22/2028,1.00 ,5.05,5.05,5.05,5.05,4.21,4.21,0,0,4.21
111001758,Panadrex 500 mg 24 Tab,ot464,549185,6/29/2028,12.00 ,5.05,60.6,5.05,60.6,4.21,50.5,0,0,50.5
111001759,Panadrex Syrup 120mg/5ml 100 ml,NS187,487397,3/1/2026,5.00 ,5.8,29,5.8,29,4.35,21.75,0,0,21.75
111001760,Panderm Cream,6644,549186,7/1/2027,8.00 ,11.05,88.4,11.05,88.4,8.75,69.99,0,0,69.99
121010846,Pantene  2-1 Miky Damage Repair 200ml,1,547340,11/30/2026,5.00 ,12,60,6.36,31.8,6.36,31.8,0.15,4.77,36.57
121016278,Pantene 2-1 Anti Dandruff Shampoo 600ml,1,535030,6/30/2027,3.00 ,26,78,15.25,45.75,15.25,45.75,0.15,6.86,52.61
121016278,Pantene 2-1 Anti Dandruff Shampoo 600ml,1,488963,7/1/2026,2.00 ,26,52,15.25,30.5,15.25,30.5,0.15,4.58,35.08
121003508,Pantene 2-1 Anti Hair Fall 200 ml,1,518854,11/30/2026,5.00 ,12,60,6.36,31.8,6.36,31.8,0.15,4.77,36.57
121003509,Pantene 2-1 Anti Hair Fall 400 ml,1,539150,5/31/2027,1.00 ,19,19,9.9,9.9,9.9,9.9,0.15,1.49,11.39
121003510,Pantene 2-1 Anti Hair Fall 600ml,1,496244,8/1/2026,2.00 ,26,52,15.25,30.5,15.25,30.5,0.15,4.58,35.08
121014560,Pantene 2-1 Anti Hair Fall Shampoo 600ml,1,539310,6/30/2027,2.00 ,26,52,15.25,30.5,15.25,30.5,0.15,4.58,35.08
121003515,Pantene 2-1 Colored Hair Repair 400ml,1,458332,10/31/2025,1.00 ,19,19,10,10,10,10,0.15,1.5,11.5
121014324,Pantene 2-1 Colored Hair Repair 600ml,1,512645,8/3/2026,1.00 ,26,26,15.25,15.25,15.25,15.25,0.15,2.29,17.54
121014324,Pantene 2-1 Colored Hair Repair 600ml,1,463346,11/1/2025,2.00 ,26,52,15.25,30.5,15.25,30.5,0.15,4.58,35.08
121014159,Pantene 2-1 Daily Care 200ml,1,547338,2/28/2027,6.00 ,12,72,6.36,38.16,6.36,38.16,0.15,5.72,43.88
121014159,Pantene 2-1 Daily Care 200ml,1,533156,6/30/2027,1.00 ,12,12,6.36,6.36,6.36,6.36,0.15,0.95,7.31
121014159,Pantene 2-1 Daily Care 200ml,1,528723,6/30/2026,1.00 ,12,12,6.36,6.36,6.36,6.36,0.15,0.95,7.31
121014494,Pantene 2-1 Daily Care 400ml,1,547339,7/30/2027,1.00 ,19,19,9.9,9.9,9.9,9.9,0.15,1.49,11.39
121014323,Pantene 2-1 Daily Care Shampoo 600ml,1,535032,6/30/2027,3.00 ,26,78,15.25,45.75,15.25,45.75,0.15,6.86,52.61
121010867,Pantene 2-1 Milky Damage Repair 400ml,1,547341,7/30/2027,3.00 ,19,57,9.9,29.7,9.9,29.7,0.15,4.46,34.16
121008624,Pantene 2-1 Moisture Therapy 400ml,1,459078,2/1/2025,1.00 ,19.13,19.13,12.24,12.24,12.24,12.24,0.15,1.84,14.08
121016442,Pantene 2-1 Nature Fusion 360ml,1,457948,11/1/2025,2.00 ,19,38,11.2,22.4,11.2,22.4,0.15,3.36,25.76
121014802,Pantene 2-1 Nature Fusion 600ml,1,457949,10/31/2025,2.00 ,26,52,15.25,30.5,15.25,30.5,0.15,4.58,35.08
121014802,Pantene 2-1 Nature Fusion 600ml,1,463354,10/31/2025,1.00 ,26,26,15.25,15.25,15.25,15.25,0.15,2.29,17.54
121014802,Pantene 2-1 Nature Fusion 600ml,1,459077,2/1/2025,1.00 ,25.22,25.22,16.14,16.14,16.14,16.14,0.15,2.42,18.56
121003530,Pantene 2-1 Sheer Volume 200 ml,1,547344,9/30/2026,6.00 ,12,72,5.75,34.5,5.75,34.5,0.15,5.18,39.68
121003531,Pantene 2-1 Sheer Volume 400 ml,1,547873,7/30/2027,3.00 ,19,57,9.9,29.7,9.9,29.7,0.15,4.46,34.16
121014801,Pantene 2-1 Sheer Volume 600ml,1,539155,3/30/2027,3.00 ,26,78,15.25,45.75,15.25,45.75,0.15,6.86,52.61
121003535,Pantene 2-1 Smooth/Silky 200 ml,1,547345,7/30/2027,5.00 ,12,60,5.75,28.75,5.75,28.75,0.15,4.31,33.06
121003536,Pantene 2-1 Smooth/Silky 400 ml,1,547874,8/31/2026,2.00 ,19,38,9.9,19.8,9.9,19.8,0.15,2.97,22.77
121019907,Pantene Cond Summer Frizz 360ml,1,500640,7/1/2026,2.00 ,19,38,11.2,22.4,11.2,22.4,0.15,3.36,25.76
121003538,Pantene Cond. Anti Hair Fall 360ml,1,548058,5/31/2027,3.00 ,19,57,11.2,33.6,11.2,33.6,0.15,5.04,38.64
121014322,Pantene Cond. Color Care Repair 360ml,1,512631,8/30/2026,1.00 ,19,19,11.2,11.2,11.2,11.2,0.15,1.68,12.88
121010871,Pantene Cond. Milky Damage Repair 360ml,1,548059,6/1/2027,3.00 ,19,57,11.2,33.6,11.2,33.6,0.15,5.04,38.64
121021974,Pantene Cond. Milky Moist Renewal 360ml,1,539309,6/30/2027,1.00 ,19,19,11.2,11.2,11.2,11.2,0.15,1.68,12.88
121010872,Pantene Cond. Nuture Fusion 360ml,1,512634,8/1/2026,2.00 ,19,38,11.2,22.4,11.2,22.4,0.15,3.36,25.76
121010872,Pantene Cond. Nuture Fusion 360ml,1,500647,6/1/2026,2.00 ,19,38,13.75,27.5,13.75,27.5,0.15,4.13,31.63
121010873,Pantene Cond. Smooth & Silky 360ml,1,548060,5/31/2027,3.00 ,19,57,11.2,33.6,11.2,33.6,0.15,5.04,38.64
121003548,Pantene Cond.Sheer Volume 360ml,1,512635,8/31/2025,2.00 ,19,38,11.2,22.4,11.2,22.4,0.15,3.36,25.76
121003548,Pantene Cond.Sheer Volume 360ml,1,533150,8/31/2026,3.00 ,19,57,11.2,33.6,11.2,33.6,0.15,5.04,38.64
121019415,Pantene Oil Replac Summer Frizz 275 ML,8,469954,12/31/2025,1.00 ,27,27,15.25,15.25,15.25,15.25,0.15,2.29,17.54
121019415,Pantene Oil Replac Summer Frizz 275 ML,1,512638,7/30/2026,1.00 ,27,27,15.25,15.25,15.25,15.25,0.15,2.29,17.54
121019853,Pantene Shampo 600ml,333333,449241,7/7/2025,1.00 ,27,27,27,27,17.55,17.55,0.15,2.63,20.18
121022255,Pantene Shampo Anti Hair Fall 1000ml,1,548057,8/31/2027,3.00 ,34,102,24.2,72.6,24.2,72.6,0.15,10.89,83.49
121018838,Pantene Shampo Moiste Renewal 200ml,1,547342,11/30/2026,5.00 ,12,60,5.75,28.75,5.75,28.75,0.15,4.31,33.06
121015802,Pantene Shampo Moiste Renewal 400ml,1,547343,8/31/2027,3.00 ,19,57,9.9,29.7,9.9,29.7,0.15,4.46,34.16
121014532,Pantene Shampo Moiste Renewal 600ml,1,500645,10/31/2026,3.00 ,26,78,15.25,45.75,15.25,45.75,0.15,6.86,52.61
121022256,Pantene Shampo Smooth Silky 1000ml,1,548061,12/1/2026,3.00 ,34,102,24.2,72.6,24.2,72.6,0.15,10.89,83.49
121019962,Pantene Shampo Summer Frizz 400ml,1,458334,9/1/2025,2.00 ,20,40,10,20,10,20,0.15,3,23
121020231,Pantene Shampo Summer Frizz 600ml,1,512643,8/1/2026,1.00 ,26,26,15.25,15.25,15.25,15.25,0.15,2.29,17.54
121020231,Pantene Shampo Summer Frizz 600ml,1,458327,7/31/2025,2.00 ,26,52,15.25,30.5,15.25,30.5,0.15,4.58,35.08
121018854,Pantene Shampoo Super Food 600ml,1,449990,11/30/2024,1.00 ,27,27,15.25,15.25,15.25,15.25,0.15,2.29,17.54
111003127,Pantoloc 40mg 15Tab,6456,545674,7/20/2027,1.00 ,28.5,28.5,28.5,28.5,15.91,15.91,0,0,15.91
111001770,Pantomax 40mg 15 tab,f240007,540706,12/31/2027,3.00 ,31.65,94.95,31.65,94.95,15.56,46.69,0,0,46.69
111001775,Pantozol 40mg 15tab,1278951,546173,11/30/2026,2.00 ,49.25,98.5,49.25,98.5,32.84,65.67,0,0,65.67
111001776,Pantozol 40mg 30tab,12792791,546028,2/28/2027,1.00 ,87.95,87.95,87.95,87.95,61.19,61.19,0,0,61.19
121003580,Papaya Herbal Fruity Soap 4 in 1 135g,1,515774,10/30/2027,1.00 ,12,12,6,6,6,6,0.15,0.9,6.9
121003580,Papaya Herbal Fruity Soap 4 in 1 135g,33,515780,12/31/2027,6.00 ,12,72,4.25,25.5,4.25,25.5,0.15,3.83,29.33
121003581,Papaya Herbal Soap 3*1 135 g Skin Whitening,1,515778,12/30/2027,3.00 ,12,36,5.4,16.2,5.4,16.2,0.15,2.43,18.63
121003582,Papaya Herbal Soap 5x1 135g Fruity,1,515781,12/31/2027,1.00 ,12,12,4.25,4.25,4.25,4.25,0.15,0.64,4.89
121003582,Papaya Herbal Soap 5x1 135g Fruity,1,547897,8/31/2028,1.00 ,12,12,6,6,6,6,0.15,0.9,6.9
121003583,Papaya Herbal Soap 6x1 135g Fruity,1,505364,7/1/2027,3.00 ,12,36,6,18,6,18,0.15,2.7,20.7
121012555,Papaya Herbal Soap 8x1 135g Fruity,1,515777,9/30/2027,1.00 ,12,12,6,6,6,6,0.15,0.9,6.9
121018547,Papaya Pureherbal Fruity Soap 3 in 1 135gm,1,515779,12/31/2027,5.00 ,12,60,4.25,21.25,4.25,21.25,0.15,3.19,24.44
121015500,Papaya Whitening Hand And Body Lotion 600ml,1,539714,12/31/2026,2.00 ,15,30,8.25,16.5,8.25,16.5,0.15,2.48,18.98
121012363,Paper Mint Cool Caps Mono Blister,1,534081,5/31/2026,20.00 ,12,240,7,140,7,140,0,0,140
121010645,Paper Mint Spray /Strawberry,1,538812,3/31/2027,24.00 ,10,240,5.7,136.8,5.7,136.8,0,0,136.8
121005680,Paper Mints Spray Mint,1,529111,3/31/2027,21.00 ,10,210,5.7,119.7,5.7,119.7,0,0,119.7
121009458,Parachute Gold Hair Cream Anti Dandruff 140ml 63564,1,515770,10/30/2026,1.00 ,10,10,4.56,4.56,4.56,4.56,0.15,0.68,5.24
121003599,Parachute Hair Cream Anti Dandruff 210ml,1,539008,12/31/2026,3.00 ,11,33,8.15,24.45,8.15,24.45,0.15,3.67,28.12
121013917,Parachute Hair Cream Natural Shine 140ml,1,515773,9/30/2026,1.00 ,10,10,4.56,4.56,4.56,4.56,0.15,0.68,5.24
121021934,Paradontax Active Gum Repair T.P 75ml,1,525214,1/1/2027,1.00 ,36,36,29.67,29.67,29.08,29.08,0.15,4.36,33.44
121021181,Parodontax Active Gum Health Extra Fresh 500ml,1,513483,3/3/2026,1.00 ,35,35,29.31,29.31,29.31,29.31,0,0,29.31
121021181,Parodontax Active Gum Health Extra Fresh 500ml,1,494165,3/30/2026,2.00 ,35,70,27.92,55.84,27.36,54.72,0,0,54.72
121016839,Parodontax Daily Gum Care Mw Extra Fresh 500ml,1,528750,3/31/2027,1.00 ,35,35,29.31,29.31,29.31,29.31,0,0,29.31
121016838,Parodontax Daily Gum Care Mw Fresh Mint 500ml,1,545217,6/6/2027,5.00 ,35,175,29.31,146.55,28.72,143.62,0,0,143.62
121013719,Parodontax Extra Mouth Wash 300ml 67535,1,515512,9/30/2025,1.00 ,32,32,29.31,29.31,29.31,29.31,0,0,29.31
121013719,Parodontax Extra Mouth Wash 300ml 67535,1,546811,12/30/2026,5.00 ,32,160,29.31,146.55,29.31,146.55,0,0,146.55
121020169,Parodontax Gum +Breath Sensitivity 75ml,1,545211,6/6/2026,3.00 ,37,111,29.67,89.01,29.08,87.23,0.15,13.08,100.31
121020169,Parodontax Gum +Breath Sensitivity 75ml,1,528752,12/30/2025,3.00 ,37,111,29.67,89.01,29.67,89.01,0.15,13.35,102.36
121020172,Parodontax Gum Breath Sensitivity Whitening T/P 75ML,1,528753,1/31/2026,2.00 ,37,74,29.67,59.34,29.67,59.34,0.15,8.9,68.24
121016345,Parodontax T.B Expert Clean Soft 67389,1,545200,4/4/2029,7.00 ,25,175,20.6,144.2,20.19,141.32,0,0,141.32
121016075,Parodontax T.P Complete Protection Extra Fresh 75ml,1,533309,2/1/2027,1.00 ,35,35,28,28,28,28,0.15,4.2,32.2
121016613,Parodontax T.p Complete Protection Whitening 75,1,488678,8/31/2025,1.00 ,35,35,26.67,26.67,26.67,26.67,0.15,4,30.67
121013880,Parodontax T.P Extra Fresh 75ml 67032,1,518454,1/30/2027,5.00 ,32,160,25.38,126.9,25.38,126.9,0.15,19.04,145.94
121013882,Parodontax T.P Fluoride 75ml 67034,1,533355,2/1/2027,3.00 ,32,96,24.5,73.5,24.5,73.5,0.15,11.03,84.53
121016612,Parodontax T.p Herbal Ginger Mint 75ml,1,545214,3/3/2026,5.00 ,32,160,25.38,126.9,24.87,124.36,0.15,18.65,143.01
121013881,Parodontax T.P Original 75ml 67033,1,539162,2/24/2026,3.00 ,30,90,24.5,73.5,24.5,73.5,0.15,11.03,84.53
121014706,Parodontax T.P Ultra Clean 75ML,1,545198,5/5/2027,6.00 ,32,192,25.38,152.28,24.87,149.23,0.15,22.38,171.61
121014707,Parodontax T.P Whitening 75ML,1,547416,6/30/2027,6.00 ,32,192,25.38,152.28,25.38,152.28,0.15,22.84,175.12
111003153,Paroxat 10mg 30Tab,1146550,544928,3/1/2026,2.00 ,30.15,60.3,23.87,47.74,23.87,47.74,0,0,47.74
111003152,Paroxat 20mg 30Tab,2002140,546174,7/11/2027,2.00 ,60.3,120.6,60.3,120.6,48.24,96.49,0,0,96.49
121005930,Pears Soap 125g,1,534115,4/13/2026,1.00 ,7,7,4,4,4,4,0.15,0.6,4.6
131000628,Pediasure Milk Chocolate 400g 1+,1,493496,4/30/2025,2.00 ,46.04,92.08,43.15,86.3,43.15,86.3,0.15,12.95,99.25
131000627,Pediasure Milk Chocolate 400g 3+,1,524139,9/1/2025,3.00 ,46.04,138.12,44.2,132.6,44.2,132.6,0.15,19.89,152.49
131000629,Pediasure Milk Chocolate 900g 1+,1,532107,3/1/2026,3.00 ,103,309,99.26,297.78,99.26,297.78,0.15,44.67,342.45
131000622,Pediasure Milk Chocolate 900g 3+,1,496566,4/30/2025,1.00 ,98.22,98.22,93.1,93.1,93.1,93.1,0.15,13.97,107.07
131000622,Pediasure Milk Chocolate 900g 3+,1,507693,4/9/2025,2.00 ,98.22,196.44,94.29,188.58,94.29,188.58,0.15,28.29,216.87
131000624,Pediasure Milk Vanila 400g 1+,1,536819,10/10/2026,5.00 ,48,240,44.4,222,44.4,222,0.15,33.3,255.3
131000621,Pediasure Milk Vanila 900g 1+,1,520054,3/1/2025,1.00 ,98.22,98.22,94.29,94.29,94.29,94.29,0.15,14.14,108.43
131000621,Pediasure Milk Vanila 900g 1+,1,532108,5/1/2025,1.00 ,103,103,99.26,99.26,99.26,99.26,0.15,14.89,114.15
131000621,Pediasure Milk Vanila 900g 1+,1,536820,10/10/2026,4.00 ,103,412,97.4,389.6,97.4,389.6,0.15,58.44,448.04
131000615,Pediasure Milk Vanila 900g 3+,1,510550,4/1/2025,3.00 ,103,309,94.29,282.87,94.29,282.87,0.15,42.43,325.3
121006763,PEEL OFF MASQUE 120ML,1,413677,5/1/2025,10.00 ,15,150,4,40,4,40,0.15,6,46
111001798,Peptazol caps 15mg rmbp 14  p,2002874,540979,7/31/2027,5.00 ,19.5,97.5,19.5,97.5,10.89,54.44,0,0,54.44
151001844,Perfect 61 Glucose Strips 50 pcs,1,518971,12/10/2025,1.00 ,70,70,49.5,49.5,49.5,49.5,0,0,49.5
121022248,Pert Plus SH Honey Mea Promo 1000ml,1,547394,6/1/2027,1.00 ,33,33,21.1,21.1,21.1,21.1,0.15,3.17,24.27
121022249,Pert Plus SH Olive Mea Promo 1000ml,1,547395,9/30/2027,2.00 ,33,66,21.1,42.2,21.1,42.2,0.15,6.33,48.53
121014749,Pert Plus Sham Fine Greasy Hair Orange 400ml,1,533178,11/30/2026,1.00 ,17,17,10,10,10,10,0.15,1.5,11.5
121015491,Pert Plus Sham Fine Greasy Hair Orange 600ml,1,533179,11/30/2026,3.00 ,24,72,14,42,14,42,0.15,6.3,48.3
121003662,Pert Plus Sham Intensive Nourshiment 400 ml,1,533181,7/30/2026,2.00 ,17,34,10,20,10,20,0.15,3,23
121015442,Pert Plus Sham Olive Oil Extracts 600ml,1,547393,6/30/2027,3.00 ,24,72,14,42,14,42,0.15,6.3,48.3
121016271,Pert Plus Shampo With Almond Oil 400ml,1,533183,8/30/2026,3.00 ,17,51,10,30,10,30,0.15,4.5,34.5
121014523,Pert Plus Shampo With Ginger Extract 400ml,1,533173,11/30/2026,2.00 ,17,34,10,20,10,20,0.15,3,23
121015709,Pert Plus Shampo With Ginger Extract 600ml,1,535069,11/30/2026,3.00 ,24,72,14,42,14,42,0.15,6.3,48.3
121003674,Pert Sham Anti Dandruff/Lemon Coconut 400ml,1,533171,11/30/2026,2.00 ,17,34,10,20,10,20,0.15,3,23
121003679,Pert Sham Honey/Lustrous Shine Normal 400ml,1,533186,9/30/2026,5.00 ,17,85,10,50,10,50,0.15,7.5,57.5
121003681,Pert Sham Moist/Intensive Nourishment 200ml,1,534045,4/30/2027,3.00 ,10,30,5.9,17.7,5.9,17.7,0.15,2.66,20.36
121014029,Pert Sham With Ginger Extracts 200m,1,528754,5/31/2027,5.00 ,10,50,5.9,29.5,5.9,29.5,0.15,4.43,33.93
121014028,Pert Sham With Honey Extracts 200m,9999999999,534047,5/30/2027,1.00 ,10,10,5.9,5.9,5.9,5.9,0.15,0.89,6.79
121014030,Pert Sham With Oil Extracts 200m,1,534046,11/1/2025,3.00 ,10,30,5.9,17.7,5.9,17.7,0.15,2.66,20.36
121003691,Pharma Por 10*35 cm.40 pcs,1,471872,12/1/2030,40.00 ,5,200,1.73,69,1.73,69,0,0,69
121014702,Pharmapore 10x15 cm,1,428506,12/1/2030,68.00 ,2,136,0.9,61.2,0.9,61.2,0,0,61.2
121003689,Pharmapore 10x25 cm 40 pcs,1,471871,12/1/2030,66.00 ,5,330,1.43,94.05,1.43,94.05,0,0,94.05
121003689,Pharmapore 10x25 cm 40 pcs,1,450049,12/1/2030,8.00 ,5,40,5,40,3.25,26,0,0,26
111001807,Pharmatime 30 tabs,23b141-1,516850,3/1/2026,2.00 ,29,58,29,58,23.42,46.84,0,0,46.84
151001723,Philips Aerofamily Nebulizer Compressor System,1,452125,12/1/2030,1.00 ,300,300,175,175,175,175,0,0,175
121018995,Pigeon Baby Training Tb Lesson 1,1,534397,12/1/2030,6.00 ,15,90,10.8,64.8,10.8,64.8,0,0,64.8
121017780,Pigeon Breast Pads 60pcs,1,547422,12/1/2030,3.00 ,57,171,39.38,118.14,39.38,118.14,0.15,17.72,135.86
121020178,Pigeon Pacifier M.l Boy 2p Train  Rabbit,1,534050,12/1/2030,4.00 ,30,120,24.3,97.2,24.3,97.2,0.15,14.58,111.78
121018642,Pigeon Stream Line Deco Bottle 150ml 78272,1,482290,12/1/2030,2.00 ,38,76,19.78,39.56,19.78,39.56,0.15,5.93,45.49
121018617,Pigeon Training Teether Step One 4+months,1,456202,12/1/2030,2.00 ,39,78,31.5,63,31.5,63,0.15,9.45,72.45
151000751,Pigon Bottle - Nipple Brush 550,1,547423,12/1/2030,3.00 ,22,66,13.5,40.5,13.5,40.5,0.15,6.08,46.58
151000755,Pigon Breast Pad (36 Pes/Box),1,534952,12/1/2030,3.00 ,45,135,28.58,85.74,28.58,85.74,0.15,12.86,98.6
151000754,Pigon Breast Pad 12 pcs Box,1,534951,12/1/2030,2.00 ,18,36,12.15,24.3,12.15,24.3,0.15,3.65,27.95
121015925,Pigon Cooling Teether (Carrot),1,456190,1/31/2025,1.00 ,16,16,10.45,10.45,10.45,10.45,0.15,1.57,12.02
151000762,Pigon Cooling Teether (Circle),1,547424,1/30/2027,3.00 ,16,48,9.9,29.7,9.9,29.7,0.15,4.46,34.16
121008238,Pigon Cooling Teether (Duck),1,467075,12/1/2030,1.00 ,16,16,10.45,10.45,10.45,10.45,0.15,1.57,12.02
121008238,Pigon Cooling Teether (Duck),1,449882,12/1/2030,2.00 ,16,32,15,30,9.75,19.5,0.15,2.93,22.43
121008238,Pigon Cooling Teether (Duck),1,534954,12/1/2030,3.00 ,16,48,9.9,29.7,9.9,29.7,0.15,4.46,34.16
151000763,Pigon Cooling Teether (Flower),1,534955,12/1/2030,3.00 ,16,48,9.9,29.7,9.9,29.7,0.15,4.46,34.16
151000772,Pigon Cotton Swabs 100pcs Hngd Case N98,1,514392,12/1/2030,2.00 ,15,30,9.45,18.9,9.45,18.9,0.15,2.84,21.74
151000779,Pigon Gls Juice Fdr (50cc/2 New d308,1,534048,12/1/2030,2.00 ,34,68,22.5,45,22.5,45,0.15,6.75,51.75
151000780,Pigon Gls Nrsr k 4(120cc/4 oz )292,1,501535,12/1/2030,3.00 ,34,102,21.25,63.75,21.25,63.75,0.15,9.56,73.31
151000781,Pigon Gls Nrsr k 6  291 (200cc/6 oz),1,450346,12/1/2030,2.00 ,38,76,38,76,24.7,49.4,0.15,7.41,56.81
151000781,Pigon Gls Nrsr k 6  291 (200cc/6 oz),1,486054,12/1/2030,3.00 ,38,114,23.34,70.02,23.34,70.02,0.15,10.5,80.52
151000781,Pigon Gls Nrsr k 6  291 (200cc/6 oz),1,500513,12/1/2030,5.00 ,38,190,23.34,116.7,23.34,116.7,0.15,17.51,134.21
151000783,Pigon Gls Nrsr kp 8 (240cc /8 o z) 226 W/HdL,1,450344,12/1/2030,4.00 ,42,168,40,160,26,104,0.15,15.6,119.6
151000783,Pigon Gls Nrsr kp 8 (240cc /8 o z) 226 W/HdL,1,486055,12/1/2030,4.00 ,42,168,28.76,115.04,28.76,115.04,0.15,17.26,132.3
151000783,Pigon Gls Nrsr kp 8 (240cc /8 o z) 226 W/HdL,1,512919,12/1/2030,2.00 ,42,84,28.76,57.52,28.76,57.52,0.15,8.63,66.15
151000783,Pigon Gls Nrsr kp 8 (240cc /8 o z) 226 W/HdL,1,467082,12/1/2030,4.00 ,42,168,30.35,121.4,30.35,121.4,0.15,18.21,139.61
151000789,Pigon Nose Cleaner Suction Syringe New,1,534049,12/1/2030,1.00 ,28,28,18.9,18.9,18.9,18.9,0.15,2.84,21.74
121018731,Pigon Offer Plastic Bottle 240ml + nipple box,1,534988,12/1/2030,3.00 ,30,90,16.67,50.01,16.67,50.01,0.15,7.5,57.51
121018733,Pigon Pacifier Mini Light 1pcs 6m,1,534989,12/1/2030,6.00 ,23,138,14.4,86.4,14.4,86.4,0.15,12.96,99.36
121018732,Pigon Pacifier Mini Light 2pcs 6m+,1,482287,12/1/2030,2.00 ,30,60,24.3,48.6,24.3,48.6,0.15,7.29,55.89
121018732,Pigon Pacifier Mini Light 2pcs 6m+,1,512929,12/1/2030,1.00 ,30,30,24.3,24.3,24.3,24.3,0.15,3.65,27.95
121018732,Pigon Pacifier Mini Light 2pcs 6m+,1,547425,12/1/2030,3.00 ,30,90,24.3,72.9,24.3,72.9,0.15,10.94,83.84
121012945,Pigon Peristaltic Plus Silicone Nipple (M) 2pc/Bl Card,1,427952,12/1/2030,1.00 ,27,27,20.4,20.4,20.4,20.4,0.15,3.06,23.46
121009633,Pigon Pl Nurser (Bpa Free) Slim Neck 12,1,269778,12/1/2030,1.00 ,30,30,21,21,20,20,0.15,3,23
121010822,Pigon Pl Nurser (Bpa Free) Wide Neck 160ml,1,269780,12/1/2030,1.00 ,36,36,25,25,24.51,24.51,0.15,3.68,28.19
151000801,Pigon Plstc Nrsr Kp 6 891(200cc/6 oz),1,501542,12/1/2030,3.00 ,26,78,16.42,49.26,16.42,49.26,0.15,7.39,56.65
151000802,Pigon PLSTC NRSR KP 8 N 96 240ml (old#a881),1,500514,12/1/2030,2.00 ,28,56,16.67,33.34,16.67,33.34,0.15,5,38.34
151000803,Pigon Pltc Juice Fdr 50cc/2 New D348,1,512916,12/1/2030,3.00 ,18,54,12.15,36.45,12.15,36.45,0.15,5.47,41.92
151000804,Pigon Pltc Ncr kp8 (240) w/Hdl 0#a865,1,500515,12/1/2030,3.00 ,32,96,20.58,61.74,20.58,61.74,0.15,9.26,71
151000805,Pigon Powder Milk Container 208 (C212)Col,1,512921,12/1/2030,1.00 ,30,30,20,20,20,20,0.15,3,23
151000831,Pigon Salicone Pacifier 890 S-2 (Bear),1,534051,12/1/2030,1.00 ,23,23,14.4,14.4,14.4,14.4,0.15,2.16,16.56
151000832,Pigon Salicone Pacifier 891 S-2 (Elephant),1,500516,12/1/2030,3.00 ,23,69,14.4,43.2,14.4,43.2,0.15,6.48,49.68
,,,,,,,,,,,,,,
